Inlet TDS (kg/L),Flow (L/s),CAPEX (kUSD/year),OPEX (kUSD/year),Li Efficiency (%),Li Profit (kUSD/year),Status
6.94575204697686,0.007652620621556859,4.295158228446892,22.075699783826195,39.45688512681656,12608.473872450253,1.0
11.713355334783207,0.006474474576891873,5.167887904277467,28.177136363326646,38.783794072389846,21427.164902134435,1.0
9.796404564078333,0.0054755120459963735,4.801719876632077,22.036806645750634,38.47445004731599,13761.360108571584,1.0
19.176214961756592,0.0016948413133361176,6.444988568449382,21.529558814590796,41.53469132753667,8289.627915702144,1.0
6.341857703183842,0.004568912851990363,4.159764884961561,15.05063317544658,38.28787038964428,5093.217492348744,1.0
8.339235821219589,0.006754424601256286,4.546148957777834,22.844110624055553,39.102721223393836,14173.288013063191,1.0
12.447342691040078,0.005785511204050696,5.293739297473558,27.08699222721016,38.390044453842584,20309.69600063595,1.0
17.662346872314476,0.00843875277125435,6.310038486619851,48.53378130235081,39.509600014171376,47431.32733497782,1.0
17.91672749853053,0.001167064162068777,6.208332388526598,19.469730270133073,44.773090809518195,4605.1272573274355,1.0
17.016713511131847,0.002975724341403608,6.081256051976579,23.186637887235566,38.16567163359689,13919.520073984862,1.0
1.5606050276345156,0.009033963747321468,2.5308789784822396,7.48005213774102,27.759864134324825,358.3059005612342,1.0
10.283328523784853,0.0054102269697120205,4.890497633896983,22.598998857043078,38.413427157955425,14519.895575670693,1.0
10.110921761969351,0.006278775370464008,4.868999113891463,24.77710914400668,38.80278683728856,17004.145720729237,1.0
6.973127540128714,0.003969500431396447,4.270450311831371,14.845614885308164,38.32222064583809,4953.506045028677,1.0
13.92755518140508,0.0034749697037630553,5.5297071478617,21.58471219245514,37.982944122982644,12845.253693489014,1.0
9.69135382624359,0.009918503209427897,4.833601005647775,34.84125961334467,40.65039022060128,27691.897241039882,1.0
11.274889832061723,0.0058591587558776805,5.078648943535234,25.461625096971975,38.5215058878061,18119.64670726129,1.0
18.64026511750786,0.009890200909705524,6.526086808187685,59.1130529761659,40.341201586552785,60104.37982537934,1.0
11.20274914123909,0.0037409058976064107,5.038155007769011,19.326823437086915,38.114423968657,10351.670554397298,1.0
16.40676549246806,0.0018820342424507941,5.950849256376127,19.70948513171388,40.796409689371615,7552.222904747349,1.0
3.618428627900692,0.0012038397267398013,2.7893787372462127,5.454728501218894,38.58097294953896,0.0011280537292510063,1.0
9.318981099772381,0.008730639555739838,4.749708524656086,30.278211905388627,40.06593534930566,22624.010833884768,1.0
10.828942297950475,0.0032242618366230356,4.963840981050647,17.679577283836437,38.4018822137766,8097.4271395744245,1.0
6.089518287351164,0.006684199296970538,4.128534462808512,18.380615781257113,38.89674689347491,8406.785978161366,1.0
11.94521440519042,0.004003983298750791,5.176793662444597,20.882590698264128,37.99999790864339,12361.925220312218,1.0
16.910605533685512,0.0015976186528478802,6.036162643462481,19.5170525229543,42.06612551743687,6395.346800735968,1.0
13.345568929618016,0.00969501472212226,5.521333505702329,43.97173956410524,40.44749924939603,40006.03451808737,1.0
7.7708646808511475,0.0020295959511088335,4.398901922184953,12.730589245580603,40.804790880724475,1737.0056440605135,1.0
2.3190261386572724,0.003043045441349277,2.3406935546010965,5.313677701324223,33.11566566465579,0.001201954581367594,1.0
17.783679561445823,0.001237632095405234,6.18588270042536,19.49950562221567,44.252299595885084,4928.83925638496,1.0
11.548318774782313,0.006888212546327806,5.14295038304356,29.25862595661643,39.01018712002541,22621.2702375647,1.0
12.938629280624644,0.008870920002356019,5.4315133268636835,39.53520683013011,40.012879331797045,34851.110945701825,1.0
1.6111475378203928,0.004941090696592279,1.9209014902203971,5.083405619668072,32.24561741902177,78.7573860145184,1.0
13.86011771946857,0.005455841397507778,5.548788519661676,28.086878614473484,38.12379868878473,21742.943967070063,1.0
2.667140992859672,0.003933729013359677,2.8565389943795165,7.256355247275104,33.841107955588335,28.098461220082797,1.0
2.8299817144225736,0.008760372772888464,3.531451563085687,13.149613685546436,34.861405191320685,1711.3068222518777,1.0
12.759275828957255,0.005731591432804997,5.350422947328318,27.39158848850526,38.33893272252873,20735.450916069352,1.0
6.106214953432408,0.008481729616917663,4.144659366682243,21.80672406904006,39.66304967839353,11748.199324975752,1.0
18.76152578533029,0.007998831358717592,6.506153258304582,48.539279270735605,39.17921305932249,47879.03111156714,1.0
9.93298572391277,0.0030735195966143446,4.799677545749901,16.433108583662875,38.59624987896926,6577.993433947252,1.0
1.7017073078075577,0.0064078261475470554,2.3073473947144043,6.413356485831701,30.430581424823504,186.4423239417349,1.0
12.405445815481343,0.002507139616182006,5.239791136902837,17.61888678220282,39.21187082826445,7168.115770443275,1.0
6.580734877181079,0.007549821889572636,4.226291022779456,21.06431677713384,39.36038182175771,11361.970521789512,1.0
14.184613206282162,0.001993206623683186,5.552926261949283,18.096291474194107,40.47147527002502,6516.789063859706,1.0
5.661732632652163,0.008295371731327335,4.06007193882576,20.36239976689282,39.4404401177337,10022.666692581153,1.0
12.516118682258977,0.002669942007860076,5.2620443177806955,18.0813073804386,38.9141421221541,7902.565535270075,1.0
3.3379206270699235,0.0012890933878123775,2.608818695693823,5.1417235145700655,37.99292894799531,0.00041255914632454667,1.0
6.689022815985163,0.009053144821708114,4.25851856990572,24.458133968057208,40.04177194949936,14788.102100218466,1.0
5.045959870743757,0.005449111985400469,3.9278810034335643,14.483253635654851,38.1512383805251,4044.792331550068,1.0
9.61335040813641,0.008979016428612086,4.80785990731342,31.743591652111164,40.18757198116391,24367.80397753446,1.0
13.914341507955447,0.002732238920074685,5.515713398867345,19.543261854176905,38.71835961820597,9531.923562834967,1.0
4.795103937982956,0.009901913124613512,3.9071347633669054,20.6757397801774,39.56549957986835,9555.817178055584,1.0
7.532325701213781,0.0017527009061093094,4.353655589274867,12.268272099937397,42.035763936026136,932.437326471563,1.0
16.564714607119853,0.007122917324434445,6.078393498493827,39.624327666281154,38.7813758888865,36476.9982695306,1.0
12.986439817926362,0.003311751719066626,5.356382843771225,20.13722539460158,38.16175938834428,10990.147731969739,1.0
19.472345549126718,0.004240173120589139,6.553699233055737,30.59465231570621,37.35517883069364,24704.822520702586,1.0
5.098036131725265,0.0028717885448302314,3.9225201339003952,12.258498440159805,42.237681060284494,0.5208131651038015,1.0
9.500222557147918,0.00335581899766903,4.7242814792812196,16.563298716800308,38.414923734520315,6899.743332326223,1.0
15.914900160886402,0.0025705714376839037,5.87454429781225,20.971678467599673,38.86691431567787,10676.812890787909,1.0
13.557786988898423,0.0024615691422237413,5.447157434024171,18.56489025107187,39.23195677759126,8027.6358306571565,1.0
4.831493595686732,0.0019447798597997878,3.8693063105689816,8.734708990569194,37.56970701044297,0.0009724471897130442,1.0
5.992148131739372,0.0014153056236855402,4.07464004174075,9.4772719839319,41.28674810659738,0.0038965537044426575,1.0
18.775190113667335,0.008927614694950445,6.529643960719,53.83289770267463,39.753421835056635,54102.575187251256,1.0
10.416671426635208,0.003514995946914223,4.892483907567209,17.9051066900568,38.261687696089666,8546.333515901428,1.0
4.838059256497432,0.007698222567118306,3.9024038635730682,17.401139012494983,38.77137291022661,6640.399329118316,1.0
7.929359952663046,0.006457643502326364,4.467396243850602,21.37355918503746,38.96702576094641,12415.564145894235,1.0
15.041903915589229,0.009841401685568942,5.844505139956895,49.1763593953259,40.45916998915562,46817.21297967732,1.0
9.058944226994564,0.006654499008060226,4.678524994035949,23.934365165080028,39.03784311751561,15671.99914905925,1.0
9.09081777125045,0.001171265219043816,4.627926442197556,12.866015817797633,44.98312543343838,583.9083770364324,1.0
2.2161281605073926,0.008031020349233113,3.3764610612682517,9.7794151035319,28.717344629706957,403.94681461005314,1.0
13.728155554551467,0.009494413525952303,5.590259139540569,44.11830692562555,40.32153775607367,40400.31225060488,1.0
16.114562882137772,0.0022288175442388425,5.904482983394304,20.269489642684114,39.65428928446686,9109.51608904231,1.0
9.633125133034898,0.00524595606715275,4.769138114688728,21.187911081867558,38.402216110058056,12733.269827491236,1.0
6.152794689523632,0.008072026261559114,4.150371759332378,21.128239197625426,39.500320222874336,11128.071060210084,1.0
17.598951015535285,0.0071504601977736846,6.271168587555053,41.71399540993839,38.729339288753955,39303.483992352594,1.0
1.1403671486958513,0.005845566165357728,1.4764769647686353,4.033407695104297,31.084856295760176,97.69918294209639,1.0
5.142719730927421,0.004101467552343104,3.9377342801224566,12.798149482550755,38.22321933666242,2314.438251533315,1.0
5.9623606672051865,0.0038281972191549956,4.085341717733822,13.404978349996696,38.3424970271774,3177.3606794130064,1.0
18.279782118273157,0.0026782030613895407,6.303882609948807,23.442208173797425,38.523223081852294,13489.20168497802,1.0
16.26239678653431,0.009709524180820085,6.072687880689209,51.77864515462748,40.33286828343996,50451.31484364766,1.0
13.53456251857003,0.0070660326975135815,5.514360465170561,33.64407654615877,38.96289733879631,28405.80168603967,1.0
8.9202707653243,0.0017410019783676762,4.602972045514777,13.316351596278764,41.70520149943546,1930.8248100739333,1.0
19.704704167836873,0.0029657698086331535,6.567757124306956,25.733813766826298,38.00077400230499,16703.317423898694,1.0
3.8291180376301237,0.004308102237446999,3.6991092717833673,11.825865127669879,39.49003244136268,0.0069102817017566015,1.0
2.821104197813577,0.00722512361893175,3.524615644063771,12.41924970986033,35.75725617358907,267.868240713881,1.0
16.38930438034254,0.003108893662783961,5.970096190722452,22.99286694740502,38.063559743334274,13959.27121787425,1.0
3.6835255597311773,0.00907482169696586,3.693140297878989,16.175108274250373,37.806562234534816,4648.220579203557,1.0
10.638878989813946,0.0015029205999899915,0.0,0.0,0.0,0.0,0.0
14.623469304986633,0.0024305003622462017,5.6390057492783425,19.449816848618344,39.23443962509758,8834.967134581619,1.0
10.082131256630445,0.003595360631095274,4.832619281999496,17.719660084982742,38.255134990888145,8365.283055029535,1.0
7.0686924753066895,0.0012533315071292348,4.266452544824962,10.781871276459457,43.844367969276156,0.00859541703486937,1.0
9.234912076407088,0.0095054748834341,4.7425881856547525,32.339147505660016,40.44665823585894,24734.816014306733,1.0
13.298325036251564,0.008418938937040366,5.491876236182528,38.55415193770763,39.74137465180231,33941.37212818147,1.0
7.941305006769258,0.008742962926958787,4.491157420797045,26.92961036634846,40.04354299866975,18208.14871740793,1.0
4.472852853863507,0.006922715036883414,3.830181308671384,15.469328481458417,38.20341528008059,4632.009377556242,1.0
5.851391225697808,0.009376247460862817,4.103212909995843,22.846906119351214,39.953702276553734,12532.211816469717,1.0
19.487453616355623,0.0016129289661846974,6.499143467480114,21.588539302911165,41.93916643320466,7975.5678934973985,1.0
9.117256416817563,0.003184697561188673,4.653019579351832,15.814132942568301,38.559102877544824,5951.967440068006,1.0
12.606128156723736,0.005966137949140326,5.3256445037741225,27.95811251375843,38.460619546670245,21395.663876654537,1.0
1.244277882353466,0.0034234646229107457,1.2824790998119633,3.0832644119409274,33.73397708523546,0.002005979809747729,1.0
13.159739871336958,0.009528767130841942,5.483559393512967,42.782513846455515,40.36449301998095,38579.45560039175,1.0
18.551595304038607,0.0019055160769016744,6.3370904156651084,21.52612640322014,40.63147023615088,9143.342555041716,1.0
18.205708879962426,0.0032228333023270935,6.3015968228253785,25.178953601075342,37.825864583772514,16654.671405234963,1.0
14.76504561684316,0.0066354617710670345,5.735474572336716,34.16155057633338,38.63243386193826,29390.122792035956,1.0
13.629732769482349,0.008756128343985863,5.559503086850987,40.720074129859285,39.913607370837916,36549.762508932115,1.0
7.284397364365888,0.0017919078246343362,4.309414824904072,12.131524610773237,41.99179892813992,815.1604011961787,1.0
13.397522530893175,0.0030181145611606,5.426556937835312,19.776946400240185,38.38481292457613,10230.505584395722,1.0
5.363348329251308,0.004431412684690831,3.9799784150127513,13.5118152591498,38.16100108421466,3173.8213121391445,1.0
1.3778102345221488,0.009719240986328221,2.324057532353745,6.95224658504172,27.14523726086758,362.14765990134197,1.0
14.814492053996833,0.0034493511125467816,5.690376711160368,22.446277249324552,37.922870307510124,13830.5463526178,1.0
3.9012773316472344,0.007592574980704993,3.7271838233450176,15.017646662486042,37.727158234979605,3830.4576041106925,1.0
17.199954129124013,0.005528239718256044,6.164402908969669,33.32221863430118,37.87777017873518,28712.540362957774,1.0
17.628650429629182,0.004393613298032657,6.22030609324678,29.027634922625634,37.504079464599506,22822.36370827217,1.0
8.481112868218911,0.006694696252583261,4.57185909366571,22.96306713921409,39.07281795922024,14365.794947323875,1.0
17.497908908557296,0.0019684206742677443,0.0,0.0,0.0,0.0,0.0
2.618916822379609,0.0022799371024562606,2.3859713503573254,5.10261908289949,34.22954001830433,0.00117691195281487,1.0
19.844829319379997,0.0069899381832804,6.684859563670513,45.04709788219637,38.49223750907673,43976.06711415964,1.0
13.35483415544595,0.004483925489721919,5.440964365146636,24.04585629919063,37.883102901906696,16483.788677051976,1.0
3.399315970144088,0.005758645680444999,3.626304333455959,13.31479415062995,39.91512593386872,2.3817833554944947,1.0
6.223657362286589,0.0030620732162651696,4.127534327533334,12.63801314167466,38.906842104254906,2205.6863865973282,1.0
4.622446414543829,0.0027279793723061947,3.835716316510968,10.263163619998648,39.05512383527531,0.005242355443695385,1.0
12.106847403300929,0.00356256189953161,5.2002018947889335,19.86910311787479,38.09784374956385,10894.538912163045,1.0
7.298027013308511,0.009597936178028739,4.377927951766946,27.323369605895305,40.375197014254674,18118.351442981402,1.0
11.769436859756743,0.006810106830111807,5.182900804701708,29.40618342506588,38.9533565890345,22869.875252876445,1.0
18.378579651370533,0.0071081526113680365,6.4151627266596805,42.965138400983484,38.654128535793,41042.848156677865,1.0
7.2581581093636585,0.008592684518659917,4.361568264479574,24.88405992748297,39.91960244125804,15644.307080821518,1.0
4.302573682815062,0.0023080405376676716,3.77587194993806,8.452449675806069,35.602934053499894,0.0022437759808733937,1.0
9.991922821196553,0.004403927438258194,4.825387646715593,19.54044370566294,38.17387002870206,10762.402303335608,1.0
12.76185793513472,0.008829914113949951,5.397661822353918,38.945123431691776,39.99889478569376,34096.71313252716,1.0
15.793330461831692,0.0062362471620962465,5.918605724297966,34.2316408556937,38.337218108487455,29704.59525504697,1.0
1.1857661309752894,0.0010674093672801803,0.8942758820343274,1.7257320737662276,39.67574092184518,0.00033602450306560293,1.0
9.139076902484122,0.003165529501353768,4.656779084307446,15.79964182033663,38.57282864614306,5925.006309948379,1.0
17.718227913432404,0.005490114153665572,6.258972534784678,33.91338341548091,37.82090817753823,29509.60850864503,1.0
1.4491893770222275,0.006593424959070145,1.993666152521935,5.571146115314842,30.222695899318825,170.4319675046065,1.0
17.844569778287354,0.00472309735042757,6.266466015940912,30.68229637560225,37.5424316704833,25132.32420156834,1.0
11.207846488393617,0.005524978783988294,5.061948215639841,24.33309997130471,38.38344018416702,16758.032109352655,1.0
1.3526528433188163,0.004158392086630685,1.4862637436690667,3.811788497620934,33.44180300354445,25.47979094949063,1.0
7.1119850647877065,0.00782315755724758,4.327598013568534,22.813576412157627,39.5526692499535,13459.175712293505,1.0
19.20978052792058,0.002513811864998261,6.468449915593414,23.77293366240128,38.79145184088709,13349.226871902218,1.0
2.972806280074243,0.009604664222566658,3.561314749664527,14.387840751772247,35.79818193589276,2744.851010296919,1.0
8.968761724426557,0.00999359272018319,4.697711177224863,33.036139904973375,40.67402569281779,25262.608210363505,1.0
17.758739907802628,0.0055025654808455084,6.266679660382904,34.029892660993994,37.82335036313327,29664.3603753422,1.0
14.286518839190158,0.005598323131332549,5.6295550866903445,29.254664115397553,38.147863314965804,23260.191803693426,1.0
10.741207544439707,0.008022171111764379,5.0076157122316305,31.37636082643448,39.66034433859789,24636.206438123485,1.0
5.722092014337813,0.0025649931965705934,4.033486805740704,11.762353946138425,40.43065147535399,687.1332059599238,1.0
11.497581784856642,0.008785799176728943,5.159521489433307,35.73286510536677,40.03334115258758,29833.93284971542,1.0
9.86235828411037,0.001344658258506519,0.0,0.0,0.0,0.0,0.0
15.504549482424178,0.003501030041336077,5.816597217377223,23.338252495151014,37.837943568782286,14944.89080521461,1.0
9.340138843108816,0.007010269053196094,4.734534467475566,25.429023448208525,39.20080743175884,17430.651790420423,1.0
18.868953605676943,0.005877301925460756,6.4790951033295165,37.50253365146857,37.92198871799731,34269.18274668889,1.0
9.05155911628936,0.007504357269328241,4.686230157830974,26.207093333837076,39.45571179885262,18132.150302509912,1.0
5.245647833953228,0.007800546162537464,3.9790666155112904,18.51673167096395,39.05603987924965,7973.520142534802,1.0
17.052231813845218,0.0019255883285775443,6.067760878250702,20.339671065381967,40.605723215223364,8224.306653163036,1.0
4.368615969122284,0.0012188850415746565,3.375870291967871,6.610905493483421,38.47230500907385,0.0013561350772868942,1.0
1.3309117392864696,0.004018585544754216,1.4394476881066742,3.6698988978283835,33.68645105555975,18.171882683264794,1.0
12.394446522076752,0.004590205438234223,5.266931530071215,23.150500068349682,37.98826381462627,15355.468813285052,1.0
4.116446518186475,0.005081941537619652,3.7552143647141887,12.602151113847949,37.738151092777755,1646.3425426095341,1.0
10.044757494811739,0.005878117461838909,4.852081807275107,23.52932493494348,38.623582727346594,15554.576868288575,1.0
2.428982919220875,0.002851903375549944,2.392854638946887,5.352678505780479,33.32773682916023,0.0012177109139359656,1.0
16.282737189798187,0.003555074133638101,5.958957277018306,24.344164310784624,37.74793244147262,16207.847583070918,1.0
3.499102487134317,0.007868860102976875,3.653369742705831,14.30515350531187,37.023714893539264,2948.383529026445,1.0
14.466468622944936,0.0017656090196001395,5.6000162258811255,17.881567950549893,41.33434823377835,5707.627126158926,1.0
10.850164059019871,0.0017353710211364206,4.949706291874024,14.87448908564959,41.5812629200879,3228.6403909520786,1.0
11.801604114927773,0.009973586896255868,5.2336553231777,40.89635551902056,40.64842027636337,35645.173393689234,1.0
11.976097216053237,0.0064841515587737335,5.216651381688537,28.671535856712804,38.76857502464305,22083.83596827002,1.0
8.713950832517423,0.00870133984777167,4.635802010791143,28.7203582427763,40.04947469188492,20589.85774141724,1.0
16.357279796895536,0.0022453012441960695,5.948529431725995,20.520010267232898,39.596596082233916,9389.649640995967,1.0
9.547337752719143,0.00409375133561521,4.740797992152232,18.24035092660333,38.19797807763549,9125.023501214964,1.0
7.4052004426826255,0.007445571815764058,4.379011141490052,22.60871416309071,39.40332477933309,13433.70617966802,1.0
14.164241764890269,0.001473346053368264,5.5411384108193005,17.11923056852769,42.77080373170214,4257.482144731128,1.0
13.04428664202386,0.00277573103670831,5.359041120507708,18.827398695069835,38.71476079291367,8848.55691913215,1.0
2.8445306793379332,0.007426558732310503,3.529649952224126,12.404935313969434,35.28880107924087,632.3127143359094,1.0
10.01431896913988,0.0071608075675759705,4.861513131508954,27.177095073291017,39.24632232202678,19656.12705026139,1.0
4.090408896515496,0.006572679985413276,3.7575163252384627,14.218074471715072,37.70716267105536,3251.3625720039763,1.0
6.301580916056891,0.008266207604612679,4.179653494536504,21.86211335273046,39.61982302991801,11950.51979937524,1.0
4.490782209479636,0.009337864716469461,3.8464762594655717,18.915673997909405,39.08289959884284,7702.688656115346,1.0
2.3791736350961648,0.005114862873684229,2.884451706776077,7.682977577079374,32.00882696077377,132.72135945797925,1.0
14.66858653647973,0.005998753094293131,5.706694106355838,31.406216044397976,38.30448432304797,26001.984996891886,1.0
8.728999410139675,0.007236621264584679,4.623373077942883,24.829857157411823,39.32945662260206,16489.264869194027,1.0
18.880415678622764,0.0065506264473360444,6.4960389518731025,40.955910762300334,38.29107194770314,38672.47340302815,1.0
16.090873374773246,0.003208971346600563,5.917821806189489,23.010446261876574,37.992630815720865,14149.518338038264,1.0
2.725745002321914,0.009791806359261825,3.5152878046370315,13.622143983410686,34.59252189149317,2090.6424201752793,1.0
16.13456340095779,0.0033379488351537195,5.928083755643761,23.46778081004725,37.88809922765122,14876.363338560026,1.0
11.484534089589337,0.002237313638057157,5.070076454081158,16.25029162719667,39.87333368410874,5376.263148897168,1.0
1.901950823523185,0.009402767702626623,3.1513916010584233,9.376186876446026,27.425190384998004,470.5408762854991,1.0
4.354050644761287,0.0043914284617035775,3.7953633705772782,12.244234438099262,38.21909252950161,1279.2475016633168,1.0
7.508597631797145,0.008474905539133774,4.407485816864722,25.220052169159423,39.88911116407179,16161.810289109575,1.0
6.499141447747319,0.003276141281326066,4.179005529825763,13.207159215445353,38.64664083720968,2943.981809917272,1.0
12.564453847535566,0.008015789787168163,5.348298999172147,35.33696590611765,39.55792492062215,29955.349351592686,1.0
12.494075745558279,0.005027630130811696,5.29141698696355,24.656681845399852,38.088865560179556,17298.97510330398,1.0
5.441305026449218,0.0087330635154013,4.021661652115041,20.575648236523808,39.52486147242012,10044.146100699314,1.0
14.532460147343118,0.0074060042964990405,5.705582435608936,36.966390605408165,39.08494541787202,32650.153241755695,1.0
4.540528031274403,0.0010758417241246362,3.428970175047317,6.622711779360917,39.60183497110266,0.00047529999210223553,1.0
2.335787131252932,0.004874900382620166,2.766823000540151,7.303610387319813,32.338016035265944,108.08951324043696,1.0
18.349986276052245,0.005575008991786628,6.376975651667869,35.24156504208566,37.81193573872771,31281.83284723011,1.0
15.323982236470632,0.00450835834606814,5.801307912510128,26.614697082162827,37.71015410700657,19781.55812682287,1.0
9.302918866269325,0.007081727443807718,4.7284062100326585,25.553834105148603,39.23769526080319,17549.834360166,1.0
7.968228890109551,0.004946783865715426,4.460635435507678,18.05760929813582,38.396321559208864,8792.07094210756,1.0
11.455060435285224,0.0069582816741499765,5.126589855207986,29.31735406806389,39.05354903045415,22653.81105291403,1.0
3.416793865228286,0.006365357196612981,3.6319382160374927,12.685689467789578,36.75960427979554,1343.7581279442427,1.0
13.244177626533238,0.003907468514909137,5.412056286775694,22.113844768250814,37.895574379412636,13829.40388751356,1.0
7.222493028008809,0.001261812253860158,4.294075187169401,11.089400132476417,44.13597510485653,0.011554684047539364,1.0
2.9123336291853796,0.007435756069792306,3.5423066545023754,12.447833620037867,35.27010518580972,915.2461729041257,1.0
9.719824212029762,0.007629962811360887,4.812171431523835,27.96233273235661,39.499327621314464,20375.039330700925,1.0
16.96263443429961,0.007389452355799759,6.157687901199937,41.67812150689162,38.91354133084814,39066.67986435145,1.0
13.274754950227317,0.008709029792676888,5.492089157698424,39.6826942368224,39.905673899201275,35197.85427603189,1.0
16.873263871873853,0.006585107452523784,6.1250614994048105,37.64429915178816,38.44858374433301,34144.05333440121,1.0
11.91753137525321,0.007419871951390117,5.218943533845424,31.802840096745847,39.27002957447384,25667.341429707147,1.0
2.2569959825045856,0.007748460343512857,3.374746915494345,9.712680115156253,29.00010833191794,382.00702579206063,1.0
16.184295746913342,0.005434477360223714,5.975790806181283,31.423408252811498,37.91785504940838,26187.09730631472,1.0
3.5360346940304646,0.009182582308463704,3.6658479426589694,15.844103054243217,37.512883967202136,4259.480206408873,1.0
14.5037577202457,0.00139499055003815,5.600800663221769,17.255038713419676,43.22043623693015,4102.027068693893,1.0
2.9878057475928417,0.007606141851309215,3.5569641384839126,12.716237774409064,35.44209868954118,1290.00444543533,1.0
11.592223434020926,0.005043738730538878,5.126231633299137,23.444701045285846,38.17517678447896,15717.296196721207,1.0
16.16440785353084,0.008987058345773045,6.039990659743925,47.86614545297368,39.91612508072607,45958.76238890703,1.0
13.382744444587633,0.002090091444569565,5.410042564045141,17.61217360709342,40.19200183571077,6329.8454837145855,1.0
15.144580394714655,0.00591078494475543,5.792976936121251,31.81142000793744,38.222101320073335,26581.502937922854,1.0
18.474255974502782,0.009260367046128457,6.48051098356598,55.01296378762045,39.97019281521792,55321.48315951664,1.0
7.833585197602631,0.00121260866320378,4.403143900501594,11.983384245261945,45.176851026246,0.05976675573997272,1.0
17.304244350411956,0.005586911587889084,6.184764541392971,33.74025709718449,37.89624278780559,29263.616304263167,1.0
7.886872127382681,0.00106047266698306,4.411374881415995,11.345631073805956,45.36987151559683,0.01165134690244907,1.0
3.2252141246617856,0.0034004167024439557,3.322992458180502,7.9533701611693255,33.66216621768681,0.001263693273316581,1.0
15.104174391891737,0.006904979600120957,5.803086639739059,35.914416438422705,38.75790352919052,31590.93100588686,1.0
2.4816967274756587,0.008804142871412336,3.466176856417526,11.97244638625084,32.66173753036007,779.3975110564772,1.0
2.50027942233616,0.005182780358351687,3.050791963562214,8.146258087309885,31.918364240553217,146.2772987906941,1.0
14.84269269829206,0.00746650360396364,5.764404033687801,37.84328969798679,39.098831604107694,33791.395509558555,1.0
12.612614845968567,0.003530402650366891,5.291658493098831,20.332034125981917,38.06825990772245,11418.144390068459,1.0
14.919991197025146,0.006440321914831213,5.760770349781566,33.62107251133115,38.51412529354348,28772.94161545641,1.0
13.61459275984047,0.00830571968396148,5.549291034148809,38.8054830576356,39.6592992076276,34380.93323134418,1.0
14.015281537872415,0.0017606443540839189,0.0,0.0,0.0,0.0,0.0
3.0134715398225635,0.005138354885602108,3.5530544187411297,9.88325494715208,33.34394571980164,141.83041647692846,1.0
12.655303602314298,0.005806752225889813,5.33237331644301,27.487183509834505,38.38195703978464,20834.17510572379,1.0
7.584224128111754,0.0010425201185222895,4.357066345714502,10.783058124640338,44.985647669203246,0.007167551344900277,1.0
18.836654283288183,0.00805129570904993,6.521373137767412,48.99182900954364,39.20773651987049,48444.97141264991,1.0
4.587136229577152,0.009191258359885941,3.8638223787058084,18.980045120627697,39.12393828068213,7846.90386273509,1.0
6.114886934866012,0.006042810898597422,4.128651803718858,17.266181959755126,38.64984803513657,7313.742441077998,1.0
4.069406113133471,0.00810158068189722,3.7609897593875163,16.069941519859874,38.14203229650782,4864.051058278134,1.0
7.6121083372724465,0.009114408335557767,4.432758643498608,27.009832930193824,40.192049858806975,18049.568097935993,1.0
9.48175526109582,0.004825564436966835,4.736757543895795,19.908164619673236,38.2880655258229,11188.40252226204,1.0
4.742891410046411,0.008613778681294603,3.8898461005609457,18.546518523794667,39.04542400855476,7596.417818268741,1.0
5.915419679727608,0.0069394453891592186,4.098044672392793,18.49685324696571,38.95931723456968,8416.003188967503,1.0
16.077423565343658,0.005634893514432257,5.959867039881614,32.1081345463394,38.01507254300589,27064.99519695148,1.0
18.651653437382404,0.003083457434352288,6.379550571504676,25.13147790019318,37.930949888632846,16312.262235175433,1.0
15.16925664045903,0.0022662198581917675,5.734731075004517,19.539471994847815,39.60111485238474,8527.750325406072,1.0
16.703249340515427,0.0024840893845759224,0.0,0.0,0.0,0.0,0.0
15.021857895206372,0.007760765265038328,5.803022621062501,39.502735654884525,39.2584649511576,35799.763650229754,1.0
1.5839127295313267,0.004051537817343218,1.7195367684409744,4.390155086739704,33.62768618446669,23.55334937097676,1.0
14.008809971282767,0.00808716700493951,5.619443648344558,38.76375666209802,39.51104945864661,34517.33210898622,1.0
3.042261049033762,0.0075667772688643685,3.5669731119821964,12.823564451061573,35.63496460667716,1410.3325523788562,1.0
16.77780639061322,0.009794550282715638,6.171813210269512,53.591931316677815,40.36029498451535,52792.16636400796,1.0
16.150926494851397,0.009139696915114206,6.040438185135885,48.597680740497246,40.00651437540921,46786.10108849932,1.0
8.564963179514649,0.005148265975908053,4.572004915280998,19.373261941957367,38.433080430988994,10416.694435824358,1.0
15.075742350050191,0.005621696858195531,5.775226318505631,30.539673443080865,38.091437510859386,24969.220918493687,1.0
3.196732843996274,0.008602778910834129,3.5997184280124226,14.18664127121568,36.36350067147131,2679.5159617763325,1.0
16.473313023445993,0.006781508093470613,6.0547843844527005,37.85290698207229,38.5890463971463,34305.467397331355,1.0
13.651011644278128,0.008279547216855438,5.555682334618341,38.77868010401959,39.64230321313869,34368.01699637164,1.0
18.218550258319127,0.0060930300390897975,6.363744122971697,37.53892137325896,38.080888459810986,34245.940977232174,1.0
16.673199036624236,0.0030536172924474454,6.020510413964061,23.09820283136035,38.10060171388317,13975.458486568283,1.0
4.412639052256093,0.003815772797854768,3.803180385752108,12.23736219787126,40.12597581861185,391.43310885201936,1.0
11.08482293884769,0.009498713693393522,5.091567215110914,37.22336345775192,40.422559240822366,31198.71175102162,1.0
19.52224721637959,0.0072038498661681286,6.629888173186642,45.639164049623204,38.64262860136461,44623.55847480969,1.0
19.067832322821875,0.004773493931662744,6.491485880341896,32.49031153080163,37.46141785509132,27518.49617874145,1.0
6.378273112271798,0.00784196555469067,4.190778491310512,21.199902824699098,39.45192380563189,11359.12290318964,1.0
4.312387958406147,0.003404324419145112,3.7829298207149025,11.23279148258203,39.78395782753331,0.0027404471256764957,1.0
14.372431734468213,0.007173659875454311,5.671839697596949,35.67702961926541,38.96318400325197,31078.974178522338,1.0
1.4684024948221315,0.006533284961412263,2.0107011807371813,5.609144193857879,30.28966237445974,168.85255801923196,1.0
2.0999680108428143,0.009635200648011287,3.3965861251477016,10.676267469082266,28.655764747721385,525.7687494420799,1.0
1.01824232244938,0.0056699036091160055,1.298514300639447,3.526787799542142,31.29816132192133,79.79414675807192,1.0
4.5115349112730545,0.007849300560073352,3.842311049258913,16.84145280723321,38.56147005746806,5886.048907209369,1.0
18.599535281249004,0.0030389243637372917,6.3691784099285105,24.926344059474168,37.983744483710055,15983.57894447889,1.0
11.66948505471442,0.008650531836175679,5.189907589136344,35.657514624742646,39.953171344428085,29849.30548994124,1.0
19.526882059140164,0.008890966254018237,6.670094240561387,55.410238512556674,39.695919172542474,56285.783894778186,1.0
19.930603392203793,0.0036079954633575348,6.623050919195491,28.42179389571489,37.451369819951296,21178.25827157952,1.0
12.118397041337394,0.00916071544550335,5.281616495628405,38.645359061062045,40.208379363453105,33394.91445272689,1.0
6.720725020672777,0.002943072926055302,4.216691557691191,12.965054687268777,38.97534766918104,2585.6372332324913,1.0
10.592840126797796,0.005285287183901928,4.945871476463038,22.710629935647013,38.34261282822236,14705.03150974865,1.0
18.046001713191682,0.005273086219415468,6.314740068785693,33.393677482955034,37.70450500604521,28824.061568193487,1.0
15.336399769016303,0.0014783844486868003,5.751514728518753,18.048774381043444,42.729712707328915,4920.486496525578,1.0
12.891868862987398,0.005096176398120232,5.365388335505716,25.437111087419055,38.0750183249207,18311.379597454474,1.0
3.314291135164092,0.007620624937368691,3.6178821160987082,13.570321548446458,36.48994990496157,2208.7490575639067,1.0
16.296730086206047,0.005658561942245125,6.000688301371539,32.540618597138305,38.00837866079988,27639.147884873175,1.0
6.66974441106647,0.0072187209248371145,4.240262588423257,20.581435949335358,39.22747475435555,10937.00754306893,1.0
18.102135026372107,0.0016638448041431451,6.251412695462873,20.603403603424677,41.70969817868804,7459.328506355214,1.0
1.3839153078181001,0.009778443250976307,2.3420352510959925,7.012937875543309,27.093598224900582,367.7733691213767,1.0
11.057443593171618,0.0036697842076886472,5.010830181938512,18.98482879735681,38.148278842141856,9906.532097750307,1.0
15.8447400829114,0.004186788682039753,5.8906997723055525,26.07726896391566,37.64198404786321,18936.87769344609,1.0
1.3132124130949123,0.004983555891821113,1.5721685648491392,4.167200414355129,32.18701208839011,66.39825032966881,1.0
7.092203410255918,0.006600657485498171,4.3136611958169455,20.13861219389734,38.99972293429127,10723.148218658827,1.0
17.690706790293696,0.00869145310999584,6.320727787778874,49.95552212483512,39.66205310542282,49099.01852350492,1.0
9.097192920837193,0.0027900425036556558,4.645360101060715,15.057613351454085,38.9731260307638,4851.431939283933,1.0
17.72076358256982,0.003301710330446959,6.215223366718654,24.96649980199159,37.79558861776498,16556.10060073224,1.0
7.756234015920588,0.009308903289136028,4.461714948205038,27.866343553129987,40.29309474924815,19026.436675310964,1.0
3.8645841295534313,0.008244894824885916,3.7233499931219014,15.707014653608722,37.8739608206077,4394.50462636926,1.0
15.562120273206482,0.002954679155171872,5.817502676493119,21.71744880006051,38.294485645594186,12264.845452110381,1.0
4.33072823769408,0.008933517328524005,3.8141865511572703,17.88320830504723,38.76450363323845,6653.474567781661,1.0
3.32580592154503,0.0027422749759683164,3.2297001541507906,7.163312466886929,33.46538855555586,0.0016283695308240355,1.0
16.74797849888727,0.0031056479997300917,6.035034711627144,23.336859371577365,38.04064072216068,14340.235989643792,1.0
14.145625481927233,0.009305605875855664,5.66578255964107,44.36216677167368,40.19758083961687,40914.777965636335,1.0
15.363062080839038,0.001953966370091052,5.764354929003784,19.00122494740253,40.562898893452434,7183.620384353625,1.0
16.849244182562458,0.009326079526607516,6.1757058150901,51.29916960385755,40.08318401697199,50229.9079302874,1.0
18.5042779455626,0.006434200523237743,6.423868298584315,39.713340991625564,38.24939258781578,37043.42700921205,1.0
9.356634208521232,0.008865410686869735,4.758298746568609,30.7655841529631,40.13281392667692,23163.817841945278,1.0
12.734397222923535,0.009642451451957319,5.405050591932987,42.12843788529747,40.44292645127091,37596.52755627307,1.0
17.56734380315404,0.001336480973985322,6.149031645340462,19.519626111871563,43.576906451960326,5360.1970852201775,1.0
14.40871833259401,0.008555514619464865,5.7023082000834915,41.68130742606549,39.75724948337819,38033.25581174453,1.0
18.138020282143987,0.001307510444817084,6.250751560628206,19.90149722575483,43.768727447938836,5477.068687285985,1.0
13.314807079724924,0.002621381946538751,5.405670456601035,18.71368274751606,38.94166652371822,8475.400029533192,1.0
17.237215470408465,0.0011920719692727635,6.0871249681309205,19.00267758570084,44.57895555601825,4442.942077250645,1.0
17.095424047060998,0.005544264727286041,6.14548859309968,33.23876914805099,37.89309183626014,28598.241929200034,1.0
7.813236013118461,0.004623366200251163,4.42932896888927,17.16446319654627,38.3304347456678,7742.333895971821,1.0
8.753884961821104,0.0016864133308362268,4.572545606050732,13.12105907561975,41.97329818413429,1676.7081715777854,1.0
17.125556571740372,0.005328235325357298,6.146759249150091,32.33021410600231,37.798124273127506,27406.056416710064,1.0
16.72383459584369,0.00515233662560591,6.069554591255802,31.007068949139448,37.76244732316537,25648.148144263883,1.0
17.417077383217713,0.004757133013667208,6.188891898979099,30.272841308599176,37.584497935112076,24609.962604681703,1.0
17.170924874364665,0.001128380034472271,6.0740548361540165,18.83987092911428,45.061583355543405,4084.640373986755,1.0
7.690722644947436,0.009622450184074864,4.452301885467316,28.467024974111478,40.42943525774982,19583.014107913157,1.0
17.61974956248236,0.009235111973363554,6.318984010787808,52.74185390083483,39.993664261681474,52279.130492087344,1.0
10.917910945243692,0.007374712955090041,5.032238742562434,29.639114770642962,39.30792995307683,22796.76481228792,1.0
4.220876412980299,0.0020589678055597657,3.722737409886593,7.822348760862232,34.74377479852836,0.0017803429622883199,1.0
7.1898991276415005,0.004865197299507451,4.317288700286993,16.77626267826001,38.37941196946123,7185.929125185897,1.0
3.2487245981612443,0.007135622839838948,3.603792949397798,12.970813793911201,36.26827344230989,1612.5974035875763,1.0
19.312558211146733,0.003088610076557335,6.499413556051606,25.794923565325732,37.881671999721355,17069.58341732964,1.0
1.2586656929302493,0.00884775525609648,2.018627504158214,5.945185074586329,27.932336344724305,277.76836113439515,1.0
17.67238806091801,0.0010917005047039563,6.163120704506491,19.14993783142799,45.36096639538235,4098.895759115648,1.0
16.444745026050654,0.0027725905120359468,5.973951621301948,22.02679862842793,38.4832081010069,12232.593276870291,1.0
15.189026122596479,0.0014904754155309085,5.725276243785483,17.954517350672866,42.663880578568865,4895.875987445676,1.0
9.830998720683324,0.0058259600244980475,4.8120728990273305,23.038218555486413,38.61544527083282,14931.086908934349,1.0
6.611824190287498,0.0044252651432431876,4.208050704565809,15.171257111161523,38.29467287182061,5282.737271626465,1.0
17.80737481117473,0.0013239366915205402,6.191813220678033,19.67991702753635,43.65911465748613,5408.8522572127395,1.0
8.25595607079061,0.00454673677038237,4.509595803006704,17.601337229324056,38.304087401774304,8308.242996318546,1.0
16.652087183496505,0.0010357207471235622,5.979480838094805,18.293094745857157,45.80299695441258,3408.315189189515,1.0
5.208499481709935,0.004563093363907179,3.952467740243966,13.484780305849473,38.12182196335271,3095.8880099762964,1.0
11.534336246281809,0.0037934591633625226,5.099167473543199,19.83869955978279,38.07198132205523,10994.762709951443,1.0
13.133434002284208,0.006848491463430613,5.43647679105505,32.058736105173175,38.872836178214975,26413.683931483272,1.0
6.960433584608533,0.00413088368143223,4.2694127078652615,15.110588090403235,38.3048335847026,5262.876153702211,1.0
8.306242437795326,0.0018393484517828418,4.493532784377613,12.941833690795823,41.39619461425359,1725.4539893857266,1.0
17.57129607032052,0.001862944467125348,6.159926060387384,20.62194864265748,40.8340484019793,8237.036932998877,1.0
11.525226478884354,0.006342924368490838,5.131296237768875,27.416616248898627,38.732032226429965,20484.034544343787,1.0
4.208143216601128,0.0020083977916648477,3.6834473028431196,7.708483244007958,34.879785299378234,0.001751371477154291,1.0
1.9185004353180881,0.007808915732403606,2.880305774409764,8.301119185261788,28.939086185909435,330.03728444566144,1.0
8.823043091301718,0.005945684633284146,4.627511311457375,21.69695943737188,38.72309486849514,13111.626437350531,1.0
16.240614146528316,0.007283563736872482,6.021244757814062,39.76305637509497,38.89784226075979,36543.526655397436,1.0
19.74017874357934,0.0033439284683259222,6.582559897736747,27.173570695301358,37.62224109436277,19203.741462664828,1.0
3.0798902493713234,0.009178552232431508,3.5799392485572783,14.363285234954045,36.1087673267246,2769.2651691268597,1.0
5.065274779495177,0.008408781501613468,3.9490831626203033,19.064126281008612,39.194376381029194,8335.321634451755,1.0
18.391489264339434,0.004544214439062144,6.362818085456772,30.606066785645066,37.46407068799622,24947.535329905044,1.0
8.017166803656004,0.006142340159682945,4.48069348777619,20.799532384363296,38.82804778017494,11836.445716323193,1.0
17.948021758919865,0.008164727666582189,6.357683064181426,47.699158586783284,39.3263572171953,46571.26821339163,1.0
17.265185879680757,0.003779107626734343,6.14186119471554,26.2049422971571,37.58378445129348,18730.176107622196,1.0
4.530708173736338,0.00467385909343893,3.829095177587369,12.714638914456089,37.96539974754104,1993.9847566928975,1.0
10.460661092656869,0.00536904902028699,4.922601351696732,22.750353677751647,38.38398539664061,14731.466782680742,1.0
1.2792473559704924,0.0027594573254447357,1.2451008429579848,2.7652739052602717,33.44293188340402,0.0006283470484688834,1.0
4.648714618187983,0.006029851682692057,3.8579637046322093,14.604776957845068,38.075482117288765,3949.976526625992,1.0
9.023596753558275,0.009413943762772558,4.701709376257213,31.509712620943546,40.39955302410834,23716.09147905279,1.0
5.423329795568014,0.006557199208833905,4.004266010243533,16.861548409704508,38.6498180645106,6539.1181635234325,1.0
8.938458824156914,0.006265314915126365,4.65212942071011,22.703183529770445,38.86011089148927,14269.14897342813,1.0
19.098139080773578,0.007578081853922126,6.559495051397411,46.89445192259902,38.89888222585371,46025.25096330029,1.0
3.7453098891118293,0.0033717707653584538,3.679837348166683,9.271943987550683,35.38507456380145,0.0009608516841125355,1.0
11.282475746814491,0.004896814254224747,5.067514458962429,22.580285416499482,38.1594451033719,14616.205236912865,1.0
12.066214608677736,0.0035839055797247826,5.193108224358635,19.88106006138346,38.092446926744195,10923.662160391428,1.0
14.872374000883468,0.008162619472944471,5.782259014465402,40.97864595733827,39.50265414757625,37446.41271280367,1.0
6.292893856754583,0.009321772176456803,4.186036832346413,23.95683515389222,40.06796810156242,13974.410918452797,1.0
9.960228006438658,0.002595075197010508,4.799285259402644,15.529131416191692,39.21051022458275,5165.343116578722,1.0
11.897527451699753,0.002045724940338808,5.1419913586348684,16.257545855062524,40.39866070156268,5026.229654581655,1.0
9.005515455203215,0.001376118683779561,4.614674151967834,12.986946187322514,43.5922032936315,1056.1488440632572,1.0
11.39576249282217,0.004233165125619922,5.0796335169311275,20.85421874257921,38.04160765902627,12394.021394949137,1.0
14.527696124424889,0.0019321468965219648,5.613692702206859,18.259385167527793,40.673839551957315,6491.81280193865,1.0
6.777697293387656,0.00520899707068307,4.244445815057143,16.823485197243226,38.450405069910396,7124.255779429085,1.0
7.047164021002342,0.005075183838883068,4.29283703187954,16.97423075814729,38.42705539563877,7367.03571401371,1.0
2.5512986601794134,0.009247514449423896,3.480619381905236,12.515648326712604,33.25912360167726,1247.9940749322743,1.0
18.585270432459083,0.006827972685268605,6.447437351760552,41.881214066520755,38.47310665390742,39762.61921596345,1.0
14.06765604937725,0.0072954985059824696,5.617207482151616,35.5902792004677,39.0539060019978,30870.898885107286,1.0
1.2040533516029892,0.002256302752416723,1.093222062727074,2.3335675757987135,34.27893668904447,0.0005330861692371249,1.0
7.558338533979186,0.0035277359938994924,4.373295199707007,14.762741521293954,38.43965572629956,4842.384023990394,1.0
11.008674603439786,0.009539612850528685,5.0777469931946175,37.16597712739944,40.44564346524874,31086.612315909602,1.0
5.169193180018446,0.004179006944831295,3.9430170155691395,12.927295085562632,38.193091998985345,2470.97354381401,1.0
10.920142948023607,0.009849802401872571,5.065170042947058,38.01420086823608,40.606000954870055,31937.760689576575,1.0
16.830304359878536,0.0042494131536922955,6.071704193278902,27.48764952399384,37.560019390136496,20762.534894995217,1.0
4.267145477378836,0.007023429678995023,3.7925073255242023,15.157263709555707,38.032763762610635,4210.866673466519,1.0
3.3852528558716797,0.005690522476968923,3.6234459859877908,13.05471700705228,39.562909291088275,10.896159104022404,1.0
9.601473675449915,0.004198419364865549,4.75181096032475,18.55104634158187,38.19230502065524,9518.40031200044,1.0
15.291818056578444,0.00590199262101769,5.819974399534593,32.00834838557109,38.205814185404435,26849.472533490098,1.0
2.7010249772181965,0.004661549738875238,3.13163502327497,8.198357084171997,32.64522816955744,102.51384761322443,1.0
14.70150040562814,0.004996401976652404,5.695731801691034,27.59680850019186,37.88065227442303,21147.161548910535,1.0
14.094913288447005,0.001807090025655089,0.0,0.0,0.0,0.0,0.0
4.951670396205596,0.00582226723102241,3.912682285656804,14.858400086877605,38.19764074325801,4359.663594258242,1.0
7.846847423160053,0.008543256176824629,4.47153503913054,26.20207758854828,39.94436570781295,17397.416250018294,1.0
5.531257694962445,0.007675564822480623,4.031551575737797,18.965589522051857,39.13496588746248,8605.389810594274,1.0
9.550592777735718,0.0014480756641045318,4.713160599313285,13.470234662945057,43.0760181189337,1567.9970597491788,1.0
15.244875734545772,0.005803801721866979,5.809579445210343,31.53279024155078,38.16203293336374,26245.188485913026,1.0
8.129689980327452,0.0049870891083876765,4.490608709491362,18.376863132624084,38.402578462398445,9187.988864515772,1.0
2.0206181479582073,0.004294616645745823,2.2538021407180455,5.8132669006236934,33.21427987636998,48.37617992973181,1.0
15.97609347742487,0.004214488349978014,5.915167063558075,26.335005675936227,37.630757445897316,19279.948627406637,1.0
6.263182440896521,0.0063492952189449815,4.158262198384505,18.09309700550183,38.79536445611102,8217.145542177892,1.0
14.223631886994895,0.002685201635801666,5.570886241500211,19.71426921506006,38.77220252868131,9625.412972679174,1.0
19.13702110827486,0.008206319112647293,6.581071123696695,50.516569127439,39.288369928412656,50368.8039577291,1.0
1.9514496276254498,0.009518423432811673,3.2547665650258337,9.703250510577615,27.322121150004346,493.767313483875,1.0
6.656998828507275,0.006858555544742647,4.235065942742268,19.828653220876184,39.06808780704464,10173.952764194966,1.0
17.06842622517839,0.0041596518461073945,6.113421344683713,27.423154609692617,37.54091421005178,20614.910239265184,1.0
11.341509748063178,0.006409772870260745,5.098208809100994,27.313992936871728,38.77934794162003,20309.68356376656,1.0
7.913541377108146,0.008063102222555074,4.479489569570787,25.1783745696324,39.72054451557881,16389.76150956917,1.0
17.881216591126286,0.006542269038083407,6.310844701510614,39.18790443841472,38.35353247066858,36268.55873086781,1.0
10.955338720910953,0.002377995122118528,4.976401504888252,16.04153440537852,39.56884653253676,5401.451481597275,1.0
11.995695337993364,0.005350903698907136,5.204479461771125,24.974511958148213,38.246733320505626,17655.198917708156,1.0
14.93312672752973,0.009818835895357196,5.823522970746499,48.776091410023284,40.451008310523996,46305.20552501764,1.0
17.13838086543702,0.004971856827182024,6.142085770174574,30.81196069290884,37.66749949908273,25371.56322240119,1.0
12.668698470356842,0.005188786338097569,5.3257914881687,25.426977031653557,38.126964420328235,18284.727712450855,1.0
2.460200122268417,0.0032915862724097376,2.530425309980927,5.929873189770591,33.32132219386635,0.001769301251217654,1.0
14.889840750712173,0.008466131160744732,5.790942221815077,42.38584538627217,39.67861063506391,39069.273466090955,1.0
3.3630471893874474,0.007783869173932315,3.6276244343146207,13.857259741285826,36.65755071361184,2485.2869196635424,1.0
15.924167931550013,0.0011490686277789279,5.851212689099442,17.937796396946606,44.885330306641855,3658.6932985738317,1.0
14.983063554824383,0.008144128343347153,5.802635016544066,41.13783535107024,39.48522845626922,37678.74868450772,1.0
5.14165358558867,0.001423266932488826,3.922155394038601,8.14651524109139,38.42912984752783,0.0020260502065954306,1.0
9.846801397323857,0.0051081099481246044,4.806817282790674,21.14143173742899,38.3411849824803,12712.748347462806,1.0
1.4298828740367675,0.002359368274213741,1.3175772190174366,2.8355799988806685,34.072128023774965,0.0006479778328492995,1.0
12.686788668637464,0.005976042134935409,5.340671310476821,28.12305829378528,38.458574638461194,21611.585119962263,1.0
19.722500757757302,0.009824386163998073,6.729221126135505,61.6063532735703,40.259931244169366,63544.88178361009,1.0
8.960458168995565,0.009900513257942077,4.695118581437581,32.7428876165075,40.63000326393555,24952.107982705475,1.0
15.628539107313687,0.0015366913501725222,5.804929906910323,18.384628850638947,42.40644896334,5357.308913756062,1.0
17.474124060187343,0.0014057802492528659,6.133651175918163,19.58017499737885,43.13848549437235,5685.898256366144,1.0
12.200074385544326,0.00718820692180053,5.26820736558523,31.539236503047547,39.12515830240132,25480.85747247475,1.0
16.551453451878707,0.0029216691154089996,5.99600856823045,22.571865426444443,38.26547837592158,13135.125743081826,1.0
8.333075934945853,0.0046072283258165765,4.524273134982452,17.83480407662648,38.31032041630092,8592.006943731467,1.0
15.462524338552997,0.004838763781106634,5.832479219077631,28.030514510557577,37.7681334463363,21700.946519491416,1.0
6.451243333028137,0.002854955804452502,4.167269632642769,12.59231501588715,39.15126415603905,2104.1408188705655,1.0
18.29943415436802,0.0059406256595960225,6.375432579088764,36.92350799938416,37.99500002609283,33466.65417147927,1.0
11.646527900665632,0.004691572934703505,5.131488113003004,22.473838387666785,38.07656500138659,14492.128704832217,1.0
2.05661747974065,0.002322124522142548,1.8850603648460225,4.044903800345826,34.14432857659571,0.000994191865314364,1.0
1.6062712510204347,0.006727471711551786,2.232568690353932,6.262156942965185,30.07474218430704,198.31117269740054,1.0
6.062481725548301,0.0036524933166036276,4.102362467491646,13.26881094331268,38.4194021809959,3024.0050802571736,1.0
11.682247788869386,0.0029065391097907816,5.114426983165152,17.818964448074972,38.642304837011544,7944.494344945489,1.0
1.405712117744827,0.007255909004119726,2.031279285598973,5.777363179645501,29.507654434105717,206.5098070709284,1.0
10.23929250967073,0.002648344829229644,4.850305664055329,15.891745945275934,39.103841742872845,5600.215008332524,1.0
16.33193378546202,0.007246051573012713,6.037508629213313,39.76284112823335,38.8696024474371,36572.280949850654,1.0
19.41587198292393,0.006389705791512479,6.591531259754919,41.02278128853723,38.163384242288345,38850.14597156866,1.0
4.23537987331246,0.007241137075381717,3.787696057578722,15.368139330126771,38.066466806335875,4375.633131846515,1.0
7.712901434643316,0.00438057684698552,4.408836263006313,16.54226734650511,38.30291493461912,7006.727245531693,1.0
1.7609626779063652,0.0011242193942992322,1.3402059798397574,2.60094045027562,39.194527960133854,0.0005166245609153177,1.0
19.021228736712473,0.00212024129425868,6.426089125487499,22.469064696106575,39.84668548572582,10767.413265057916,1.0
11.183267289905348,0.006326919856040188,5.067850499291328,26.774972580609692,38.750144050777024,19636.111442466325,1.0
1.0243403988338124,0.005251880764089529,1.2579807031109398,3.36748165151678,31.827435737452408,62.77596242725274,1.0
18.248696576515428,0.004524853045470855,6.3363054283061375,30.344149992772817,37.47197831873984,24597.460821376586,1.0
15.668934438378402,0.00727389528295499,5.914715918392249,38.61179244360121,38.930705635837576,34985.63294245034,1.0
6.411579522442603,0.007582961352469412,4.195021892457319,20.760939283912514,39.34526235254005,10950.580601831945,1.0
12.583619790351237,0.006982750323225592,5.336465428102221,31.53207014058309,38.9864022794199,25614.083213984195,1.0
5.294241301280522,0.003379163103518873,3.961038855123261,12.131978290053912,38.82284270632517,1471.1090452592891,1.0
16.805903877930923,0.009868416606868706,6.178642094498756,54.06068076874493,40.401891083387916,53337.5940741188,1.0
13.048773618304837,0.0018997224099269422,5.347150524904794,16.96355415098081,40.84827707167423,5314.933145996119,1.0
6.795398110606769,0.008251444131629284,4.271975781431323,23.011833597675828,39.706304035052504,13441.017504679117,1.0
13.25564540392779,0.0021007907062894,5.387310951948133,17.52480634588855,40.16524327219604,6276.104604851696,1.0
16.602945680981826,0.007139784269829103,6.085828909241347,39.77684257863091,38.78873523569817,36672.03151678031,1.0
13.068337305173817,0.001188219634025669,5.340438292005932,15.836920017754835,44.571974211276,2559.722659304014,1.0
12.134343241696886,0.004581494545904955,5.219238107696944,22.786876369676843,38.010618101650124,14889.365404379956,1.0
3.5204783005694282,0.006295405621467848,3.650827015034205,12.805611871847915,36.91244374766238,1546.8064529537273,1.0
15.647462503449976,0.003713025949319064,5.846303941228494,24.19164114844479,37.7354459977835,16206.760151121556,1.0
15.410379068700534,0.007937315207552418,5.878760112564356,41.11712813510197,39.33775143561788,37836.29756056703,1.0
10.773872117011353,0.009833457180847483,5.037292696858228,37.555941265872775,40.60046245938829,31345.71335250045,1.0
17.81637235120474,0.008397441342258852,6.33802067986523,48.65855573227152,39.47616752065935,47643.163846390555,1.0
1.5487366020649498,0.0021538480594829506,1.385317881273487,2.9330339114776542,34.50794818089543,0.0012706512499062387,1.0
8.80302481822285,0.002897932393461678,4.593217568859088,14.960493170589817,38.85766372096963,4824.499012721915,1.0
18.421946200145815,0.0030075329183000972,6.336361269879216,24.64713799719815,38.032048343056765,15602.248497280938,1.0
15.759371656540221,0.005089579301433168,5.891395567389314,29.41076108595779,37.82012461114599,23535.70921522638,1.0
9.411387768346609,0.007718034935796737,4.755651449434093,27.56341018503391,39.55416936822498,19781.62111107241,1.0
17.97503823128802,0.003134886384872463,6.257989704891352,24.6446497005057,37.92408349530707,15871.91263501863,1.0
17.393310393802388,0.0037634800762617816,6.164869387774701,26.28797826927147,37.57842786397785,18813.094027593208,1.0
17.253519304445643,0.0036252886893889482,6.136738590459774,25.629098449377814,37.639701416985304,17839.159758421458,1.0
15.835834963550136,0.0014330829061734603,5.840330249885868,18.35834176286784,42.98553233649619,4973.622227210812,1.0
13.668574777451735,0.007959936574884044,5.553748408514828,37.49916792349271,39.45916501603963,32918.193795892985,1.0
18.431074877119507,0.001353795835477761,6.304209934070331,20.216392404767493,43.46223040210472,5879.158636606525,1.0
4.170746447357839,0.004259965914887115,3.7612542476909265,12.220654603712251,39.19899514364382,595.589415754522,1.0
18.901617445873732,0.006949435954549344,6.50881891478575,43.09587130265281,38.52555327196762,41337.57882575619,1.0
16.341258555427416,0.0050395421875746435,5.997215126193725,30.010083434151337,37.7545073518835,24323.36482603351,1.0
11.113914281268594,0.009747582235106664,5.100427448389664,38.18192571824371,40.54975553301701,32250.535606290618,1.0
8.3641374306669,0.00568213069843804,4.540302291974189,20.308000818606114,38.63107059860095,11419.858970263344,1.0
8.748471716424255,0.009590285451252057,4.651702394615927,31.273721971483088,40.477249573379424,23269.282936296622,1.0
2.601356098524251,0.0028811514000856835,2.572354424307078,5.767260715165517,33.29313561605588,0.001307825599864045,1.0
14.0447490325442,0.006736306687563783,5.603689670275183,33.28472470376865,38.74263667911587,28141.440924868522,1.0
11.428765489496683,0.004898519248846104,5.094344422153112,22.786354387463287,38.146910703250505,14882.56968632729,1.0
10.330680987199774,0.003264957143130263,4.873953181790964,17.25023988066935,38.411334522643145,7637.211875962271,1.0
2.077094075634541,0.004173157098335873,2.286022163790217,5.866554556609342,33.41664676349298,40.26985020716994,1.0
5.644522824258529,0.004786839097646871,4.033647433951575,14.420605930406555,38.21754625350729,4224.734962595711,1.0
13.791845418226758,0.007664335040648199,5.571925420166419,36.547558751101356,39.282687292336924,31877.38772460603,1.0
19.399578927891483,0.001140367147095812,6.473298130790573,20.531616907104333,44.99608574319439,5080.212473036387,1.0
5.006771718148429,0.002492383018068122,3.9038853593155167,10.637614886501437,40.22672579788159,0.00754627418082239,1.0
8.897325284929803,0.0021440439070549416,0.0,0.0,0.0,0.0,0.0
15.255580965222201,0.0033647258085857676,5.76902661659907,22.64548209223406,37.93918557961863,13957.769630102082,1.0
19.604383197035023,0.008173299187971345,6.667753138153534,51.34133682261553,39.24347989075604,51527.849580184964,1.0
14.23178930517841,0.004770695758570691,5.605918727089757,26.149296420173695,37.858930702296654,19242.135316213906,1.0
7.597761410305184,0.007921445660712428,4.4191679708940645,24.12476966776157,39.63745062790367,15105.438639850187,1.0
15.48994233054872,0.002063158871266395,5.789056971330906,19.347112725307568,40.18285135639456,7801.852784082386,1.0
12.309019238031771,0.0015130474973868773,5.208839345884499,15.71739443028519,42.58472335428442,3373.418376519565,1.0
15.204190930806673,0.005863556976092523,5.8031361489687034,31.712796619180274,38.19416675655869,26466.282666168507,1.0
5.227165480513382,0.007972341028952307,3.9766872200127916,18.754883568521443,39.114700565014076,8180.086357777064,1.0
5.480871441333955,0.0024387558702485806,3.9891487336296714,11.828780747611768,42.23243908157836,0.07322597584857277,1.0
6.326460889411864,0.00546818680385851,4.163486591959897,16.59313548947926,38.48472851598401,6722.282274356493,1.0
5.626136002523325,0.005615420851200727,4.035649392973715,15.697326706708735,38.392928634572534,5515.179828825862,1.0
6.858690061389337,0.0033881912319553486,4.2450956612483255,13.759162340398682,38.54274073355975,3625.637492614508,1.0
1.7096211842685056,0.006190726531098055,2.2780633107208628,6.291046075838578,30.678553445296902,171.391522426928,1.0
7.325236024804124,0.0053953288952147,4.34655283548055,18.033824334470317,38.5324868566552,8599.977899689718,1.0
7.154847273960066,0.006609307882839221,4.325337041215108,20.275071371646543,39.00791071920236,10895.658882164289,1.0
4.719099335258576,0.009479723989056332,3.8903258563117125,19.795598609404443,39.34763962896376,8694.385312688766,1.0
9.42845174226116,0.0062207450911302125,4.742206276607265,23.436743743931043,38.816454773517485,15260.916730755522,1.0
3.264053319836215,0.007335501916957166,3.607412952501467,13.18015127486051,36.31260502475786,1827.3538872164777,1.0
5.501861580541028,0.0077286034701932425,4.0264162986410605,18.989543367879527,39.14464813644749,8606.461146728465,1.0
1.6424238505544817,0.006796926659941063,2.2948405001248986,6.449099968898839,29.998765783276582,207.7823396628682,1.0
6.554217822147444,0.005168865214127937,4.203110088527773,16.408692901978192,38.421783416689934,6610.8884215201815,1.0
6.707417972003743,0.004289994770473291,4.224482769780989,15.063755575445851,38.29464869974525,5177.87792903008,1.0
10.561697132386717,0.007788005045310088,4.971115633476697,30.230792393635515,39.54521385872187,23284.348459962363,1.0
2.1646430387697047,0.008112020364896123,3.315482241016102,9.619722082592192,28.637356653471603,402.69898581889714,1.0
14.450763007700177,0.0019771966093316013,5.600571557942916,18.28712958862622,40.51603417780984,6638.743495588162,1.0
16.762224780871144,0.008820012665964765,6.1490392458169,48.45220632871281,39.7868168468741,46925.901100647636,1.0
19.980836899191306,0.0032000312033137867,6.623003671210586,26.86408891196269,37.72644835258955,18537.686585769694,1.0
8.58610226103839,0.0022007295621427657,4.547288326281267,13.640192152884396,40.16096452288366,2830.883190815031,1.0
8.156581469171979,0.002952858869158888,4.476722331969615,14.4097816233162,38.83857673349579,4247.262542386101,1.0
16.887477451249733,0.006032792665716763,6.116799818544601,35.11457386126009,38.146752802207914,30987.273059311017,1.0
8.258845421535417,0.0031508883179635137,4.497070450389513,14.856016159676177,38.64141595832713,4845.438748443587,1.0
7.158411196395098,0.0032348344458912443,4.2982709921109885,13.840776678184401,38.637256257558626,3697.3988069581355,1.0
15.120023140147508,0.0059255135325518675,5.788706886473767,31.83253685267259,38.23134815413372,26604.30894889565,1.0
3.708416271803622,0.005888059577548483,3.68381138902845,12.764821350793284,37.231201680962684,1602.535419821837,1.0
5.192429231507741,0.0085346453625219,3.973692905366219,19.594552947118633,39.31832064938998,8927.358945079417,1.0
8.453319176222951,0.008852284937664077,4.58841387547668,28.48501138743794,40.116783573482785,20168.11174345422,1.0
19.768726442055446,0.00783380855747402,6.690489497935312,49.71186269910078,39.02143332390737,49640.10137492993,1.0
10.554081722450174,0.003970336201493889,4.9228827356086615,19.152889082103346,38.12642520503135,10224.55073081111,1.0
19.570601560660133,0.007364780238859528,6.6426036424199735,46.6329767769155,38.73927307599242,45851.893558419666,1.0
8.394186959204095,0.004135906279428888,4.530942154212176,16.914007591115016,38.270587935462466,7490.242303621375,1.0
2.729468422797999,0.009293876240893114,3.514336969248531,13.227225533628168,34.45183567197275,1779.2677765796307,1.0
18.923483427714512,0.005839974245571486,6.488329086596009,37.40094633083375,37.899141266157,34141.74074841279,1.0
6.433877057410815,0.009100200691476538,4.210880074755997,23.883513617154968,40.00888872996685,14020.338271325101,1.0
11.222605754346098,0.001304830996135779,5.011316740598093,14.583171930029202,43.81496188483855,2069.619537237066,1.0
13.432777584967003,0.006021913321995967,5.479020710481212,29.497268230578896,38.4182674467134,23429.88984177694,1.0
13.67402214204637,0.009386348743807171,5.578248407972831,43.51176157374833,40.26408696704226,39694.41658084548,1.0
1.4893383006639704,0.0015912652561489984,1.2219397902687896,2.4718317083064894,36.3561840012052,0.0005435782153298534,1.0
2.5653060461742934,0.004857134432057287,3.033365775676378,8.0017614902779,32.36303891619875,116.92054837189549,1.0
5.798899900873835,0.009227565424989738,4.092269806181114,22.42282704543761,39.874078010740824,12084.58783703243,1.0
15.371713143751943,0.008340516154866712,5.8789475223862055,42.89757511410557,39.577670540402764,39880.34977420099,1.0
14.682058259305661,0.009217244992320225,5.7653010507610025,45.31586859113004,40.12231833561231,42284.73368614884,1.0
3.56408419394918,0.0038042745057059947,3.648681348857114,9.600442542945204,35.41633225923086,0.0027667523445203306,1.0
1.5154165347558357,0.008503617204780892,2.3796512696466574,6.961184133709394,28.257364598332167,309.699059665531,1.0
19.812845046415827,0.008616692216128386,6.717292223062189,54.433843828884825,39.51146492319923,55268.04281600056,1.0
8.624927799824455,0.008669657756450809,4.618761386510862,28.417133801138448,40.0326642830725,20214.078497259747,1.0
18.703463762620636,0.0020353409653948305,6.3670947031061695,21.978289617013395,40.14420678733856,10019.602833751895,1.0
18.796583729140544,0.006568065100286123,6.480900075639174,40.9017358966809,38.30670247214796,38588.593498454924,1.0
11.25851259196306,0.008836808915885296,5.115311187679037,35.334895944224755,40.07027160692126,29258.706370339845,1.0
6.824576104274261,0.007118665038239927,4.26824776163569,20.695038731407003,39.20300514411844,11143.831915874016,1.0
15.576616670768537,0.002614110339794968,5.814199625981071,20.779697559771424,38.806409076617825,10580.51156661879,1.0
14.805959250685138,0.004498870010513325,5.706450087266741,25.928395301912023,37.75426303445623,18897.259058817715,1.0
8.28357229747684,0.009282092863179693,4.5608259027934945,29.191735272068357,40.314148952303405,20776.011994944467,1.0
10.172584887078715,0.006198594901865987,4.879445698301819,24.652296437497434,38.7608244441331,16881.496476002238,1.0
13.865701366007496,0.00140230508486744,5.4864963704180765,16.769816802647423,43.18112557272029,3799.45099941843,1.0
7.422730245136567,0.00814983132974629,4.388498525160331,24.25781404961406,39.731523888059705,15126.56482100296,1.0
14.999631568856914,0.005957927151422546,5.7670673334367955,31.772667127689292,38.257172372139216,26511.217607455004,1.0
7.554698013289475,0.0035713064325156906,4.37300506577633,14.834936267974237,38.42079375259933,4934.392439943168,1.0
3.64427543334925,0.002748458078514218,3.541857419346625,7.8594528640567205,33.45727716356821,0.0017863530261153667,1.0
13.223216614027507,0.004336096040207408,5.414678577295148,23.408774740225024,37.87954624479609,15634.999366889484,1.0
1.7372994697919526,0.0066682688829063615,2.4038123350863247,6.731409355989396,30.139870339020792,209.98685712482893,1.0
2.1311289181827515,0.0032562845035940167,2.190759424472397,5.0988342675717435,33.210541056014776,0.0005052232390827263,1.0
16.06031110516284,0.009941525797484023,6.039058133052608,52.42727152516646,40.47415604540599,51063.54466206238,1.0
12.710456934981554,0.003129713308694447,5.303706423205443,19.37820825775856,38.32899562348505,9926.863025900835,1.0
7.632030246876505,0.0023996277776670493,4.37704247037438,13.07446533834985,39.78840443245853,2432.2227405035496,1.0
10.304525991925596,0.0013272454068634274,4.847031796359489,13.908778130894166,43.72144819731286,1654.6120211049642,1.0
2.7520052508884083,0.0032820728456546553,2.830140469511127,6.6199983517612715,33.29146624354607,0.0019203053908558429,1.0
8.12223866832056,0.005055125388066334,4.489877488695892,18.51486267876487,38.421783615690465,9343.569714982092,1.0
15.599772992648049,0.009738485358296148,5.948040217578831,50.16833732069938,40.377681488429026,48257.51775502145,1.0
9.890184565616018,0.00699927632292299,4.836554009915126,26.460634446357833,39.17052666391581,18808.994006130728,1.0
17.289904234759867,0.0017074204797328531,6.106354433132422,20.04809149564575,41.51979221159703,7206.065885848311,1.0
11.299614157176267,0.0018698348035744244,5.032146957195099,15.452863840303898,41.027913682398236,3976.4360393293755,1.0
5.676673986611332,0.008182279759872336,4.062100893489413,20.19655407511714,39.399422729547716,9877.46720934114,1.0
1.2187433127584109,0.009864132641126906,2.072276443793051,6.213947655754652,27.019261300713605,329.0157195255029,1.0
6.013929668662315,0.0031585659256040495,4.090189194677656,12.55540187619946,38.83286512456211,2108.0480178578337,1.0
15.875955414784308,0.008509931326479382,5.976613904666359,44.84188567174345,39.64930443634809,42350.744151824576,1.0
17.027925234740035,0.0062471231305094846,6.1469748268538,36.328469089396926,38.24992306387867,32538.033325099488,1.0
8.165674196360307,0.005427554954703306,4.5013492759516,19.408997491705147,38.540952381171834,10360.849933859394,1.0
10.075429852292967,0.007771067266408863,4.8801611059444685,29.139120036111464,39.558144687226516,21839.847436335454,1.0
19.222978718482494,0.00436093047556221,6.510833212404875,30.82795355529227,37.379008166583745,25108.221882148733,1.0
19.553194777816508,0.0021815517371285642,6.523235487476723,23.088343101600106,39.631768426841255,11555.160355182892,1.0
14.246637351757132,0.009806892442880237,5.693515088923373,46.874805037079035,40.47252181417966,43773.34450127693,1.0
9.906258708441932,0.00478945394524232,4.814103194847025,20.40065712637309,38.24775209528596,11825.312187808064,1.0
15.220355955922606,0.006508764909956455,5.817568640988145,34.42736560734702,38.5282206734401,29824.97275910799,1.0
15.713541419906049,0.0015450589251649969,5.820330358761743,18.467327761806786,42.36059520964176,5445.406951695669,1.0
17.212588924751074,0.005404654861106238,6.164269243883573,32.791720674017554,37.82299146875731,28017.06774377763,1.0
19.990554448777292,0.0039465724540095875,6.6416060515058675,29.912135169383482,37.341086018733016,23515.85013761008,1.0
8.411545926957483,0.007907247481511573,4.571030495620674,25.903809622337818,39.658410140783054,17451.620317362303,1.0
9.574613159430077,0.009675515131874299,4.808671757165728,33.76688950681286,40.53176842031366,26477.289683096362,1.0
3.595635145898538,0.0018349344191771338,3.0650651974953393,6.325327179645169,35.40924874826959,0.00051876188142527,1.0
19.626406315603234,0.008720286382537365,6.6847601281506694,54.62369566557078,39.5850597592605,55410.43950110741,1.0
6.738000030517892,0.006111234863288774,4.244199445179044,18.495706591459914,38.76430574435884,8859.519117181646,1.0
19.296840557009745,0.0030312859533778267,6.495325273518267,25.57478780577715,37.946880862697476,16688.681658458347,1.0
19.675903719397738,0.003725844108508239,6.5793703868326485,28.632306366604258,37.421259739061966,21624.099585008313,1.0
17.52919480508546,0.005921019399299904,6.232958142331854,35.61837687885968,38.041194842206124,31708.29803524989,1.0
8.783983685330409,0.0012808637804173932,4.57403562094433,12.743942783636008,44.281048272253265,687.46873348927,1.0
10.987663043861469,0.007409099854128696,5.045669705495562,29.89171002146659,39.322045134083325,23110.333025278065,1.0
3.1337883907222746,0.008285462865956302,3.5867161868562945,13.695646307205193,36.06003995728699,2240.348745309514,1.0
14.65967649253258,0.005722537268716873,5.700347345350764,30.302222612562183,38.17236315139146,24622.604017717123,1.0
18.185806872129294,0.00821606529601454,6.403284484514635,48.49489739017976,39.34496545809698,47603.86486558463,1.0
12.273593660795024,0.007092962508216517,5.2804959644532214,31.34076929215673,39.06835965311975,25280.726575055287,1.0
13.968120676551687,0.00927065161437125,5.631738794597123,43.75856673391693,40.186220346114645,40139.24199569067,1.0
4.035834430113147,0.009085345245250308,3.7594867520297326,17.238240209050993,38.43088574898786,5839.715226824165,1.0
5.069577480546641,0.009545564065564002,3.9568548240932486,20.923969730238017,39.634371591591396,10038.529575155862,1.0
10.81328336081016,0.009427119424744876,5.0393895069951915,36.26156426904383,40.392772772843784,29984.23987406462,1.0
13.211698396572748,0.005202385658392202,5.42568541095853,26.248173919569357,38.083007122218696,19361.59371256036,1.0
9.445840817464578,0.00523011045159033,4.734570597875129,20.870594392589037,38.40962795639424,12326.319918874142,1.0
1.097523119668641,0.007398550075396174,1.6020226176108525,4.5725971587867065,29.358684049849117,168.28531605607293,1.0
13.459055723560994,0.002658698167936572,5.432292961674273,18.93644879569385,38.868183772635135,8770.347868830755,1.0
3.841767224725761,0.002697135935327906,3.6944324141390728,8.198292016923133,33.665056880525576,0.0018892806268678542,1.0
15.87982644908112,0.0034420984461595505,5.883716359307752,23.542308193196792,37.84060267559814,15110.324727627258,1.0
1.8220782660350476,0.0016495714502583313,1.5088265370304244,3.0669502858889532,36.104326705674936,0.0011118986113042237,1.0
14.745753444892166,0.001109837127763079,5.639584968681617,16.988733104702728,45.16821918647283,2979.712662911553,1.0
2.292934515361388,0.004460356392775694,2.6034465358843124,6.760922444609734,32.95005411841003,69.29974168862833,1.0
9.465049177730176,0.009464007998282727,4.785536567589756,32.828324805467105,40.42809612532477,25412.107223070394,1.0
13.990945581000455,0.003174617057535067,5.536493772831131,20.791256424672937,38.18643915112413,11576.29664385008,1.0
10.400339157602728,0.004063802727548523,4.895974896645969,19.20160702807619,38.13130623151142,10306.263664639213,1.0
16.045887423897153,0.004667153316887258,5.936188144277612,28.133027037793518,37.67676345210042,21795.03239598171,1.0
10.698862324442723,0.0010457228889309078,4.914414853171418,13.893528285908154,45.6969922527261,1019.0324847436847,1.0
2.6430049930000497,0.00733614555188044,3.491843083201068,11.422142316113396,33.470917631427696,318.67183356957065,1.0
3.116839303395668,0.002127028822263976,2.7769527102854443,5.866868428100729,34.5721599743208,0.001340835538003032,1.0
6.047605517021576,0.006309450012267382,4.118113623491307,17.62210809472658,38.73783340221338,7634.088118860361,1.0
7.477485086365052,0.002079495772719678,4.346501231567277,12.550537691793716,40.71404823022892,1595.26035009576,1.0
8.062554568031931,0.009476317661818147,4.521083335666358,29.110951909819597,40.392142268093124,20527.030014135988,1.0
3.091204570582201,0.002216062077963021,2.790323931843124,5.937120546576593,34.365929645110505,0.0013581721234366085,1.0
12.335756013399012,0.007529222244519583,5.298412556105686,33.04227882501052,39.30267341470338,27252.93101824873,1.0
5.450315367436667,0.001008546155320863,3.975035465427898,7.766700982655997,40.74817475650007,0.0015823253521158587,1.0
13.566265784319674,0.004012472494238447,5.472330871598722,22.80709362467951,37.852180564679095,14744.277381233787,1.0
4.054064479621841,0.006897264704049681,3.7523308727334297,14.533414272871347,37.744582363322515,3511.0123202788827,1.0
10.027334122485023,0.0069690731904589204,4.861665154495499,26.635506720765584,39.148106832922174,19061.5642458146,1.0
13.472533981256639,0.006171705017098656,5.488708513888808,30.116815640583336,38.48947603014752,24190.914335923437,1.0
4.011801515950527,0.00902155273207314,3.7546544748963977,17.08596263991052,38.37272410969243,5688.881566750438,1.0
12.911035998842207,0.006070256716098616,5.383459825790087,28.82024327925189,38.48543667523298,22501.019278588832,1.0
16.232100328951287,0.0021882925041699862,5.92493810468551,20.271773264622166,39.76377786724298,8995.734441512142,1.0
3.4442480900571137,0.005551588085008044,3.63375673989562,13.073431880516639,39.82266468648482,0.007951240015489936,1.0
12.050043341260576,0.0017196837946956505,5.165108705581802,15.829955117370572,41.603081232952796,3961.49387790943,1.0
4.817766266052913,0.004078726029320788,3.878357135831963,12.402889452272078,38.27466455186111,1730.344754463867,1.0
8.197992830102118,0.008942404613016937,4.541329008145712,28.08089344484266,40.15032083846696,19571.709452289164,1.0
10.191635290024763,0.0010215295191725712,4.823383970380563,13.50504926462017,45.94634955168457,723.5855396203914,1.0
8.683861398056038,0.008996369911201996,4.633244947693548,29.45443175132341,40.19186709593697,21334.55345630472,1.0
13.51176326740266,0.009363519040304646,5.547279608636456,42.9981539172199,40.25867043016898,39028.59444330924,1.0
4.985240806366976,0.003243846290568434,3.904188701294385,11.852276759551236,39.600014781412845,742.7088389831416,1.0
9.646573643277124,0.008577760859620955,4.8094414608909455,30.614332411898694,39.98508376070892,23187.78756959321,1.0
2.0448211416868594,0.006648599409916995,2.8250545747032714,7.906667761283181,30.161583175549094,245.400271864695,1.0
10.756104913340348,0.0034901647269510207,4.953850515238795,18.217523746819445,38.245506843577495,8899.831173524724,1.0
10.615789216363526,0.005214455148391892,4.949220596653387,22.544494127173195,38.31575807224713,14507.872712316721,1.0
9.386954115989615,0.008666686786030858,4.761748004646179,30.255827398080278,40.03345265936517,22643.814044289826,1.0
5.610738742494963,0.004804039651606256,4.0275713411351335,14.39816368529022,38.21279513668924,4190.060470358912,1.0
3.215370329431733,0.009093631645281857,3.605119276589692,14.728902055071332,36.57303501210132,3133.4644269703817,1.0
2.802413606187725,0.0033233203100785564,2.8838411900991834,6.7998279957070205,33.42084267157311,0.002238526135392285,1.0
6.025805192042357,0.004652641623923398,4.1025436798715935,14.75056301956723,38.263392225192625,4688.791554940727,1.0
11.749677909424985,0.00835631333380997,5.200803921069057,34.7826617570912,39.79013782928022,28926.81738361878,1.0
12.828912544434862,0.00900490538191091,5.412971077595852,39.80467315388639,40.0921040012808,35089.12601651969,1.0
2.51772777531116,0.005709247083715819,3.2217636590156458,8.761852974249674,31.249973379080537,201.4048465087653,1.0
13.768979899807238,0.00895322002519578,5.588926799730001,41.89095931996649,40.01755881030152,37938.58254147478,1.0
5.931484991456026,0.003825458852147249,4.079702961876364,13.364743408603681,38.3431904542874,3126.4866137376016,1.0
6.907450447541677,0.005742467698451228,4.272528395692298,18.059024839537255,38.636371551577106,8478.300610706212,1.0
1.6619408866541816,0.0056796416107675295,2.121194946034718,5.763078655317486,31.28620990242178,130.90708834467875,1.0
17.40233925810194,0.0061377762251334286,6.213951971317415,36.43194781635984,38.16365623612554,32727.27967742926,1.0
7.398451991786922,0.0081335010712691,4.383812565114347,24.163886126570336,39.721968505942044,15014.948855203038,1.0
14.483653519148472,0.003438871951654528,5.630123989450712,22.065826587918398,37.95628852710928,13371.59550477045,1.0
12.349009671407481,0.008623621369054216,5.317027990999197,37.161342310483256,39.90584162830448,31887.74562375106,1.0
1.936568720516652,0.007472987538045467,2.8414919559329848,8.125050251939872,29.281596534509784,303.46030170822974,1.0
8.870142064278788,0.002645783023287206,4.6028660534861,14.58938033108545,39.20089187439309,4233.60023628607,1.0
13.089040332021703,0.004850383566705342,5.397870500890174,24.895612395595233,37.982962813308916,17619.34400374161,1.0
8.20423944885959,0.0025790288912162958,4.481924436634571,13.854533117334531,39.364358095157144,3401.451583127587,1.0
15.54728942003456,0.006162433981590113,5.871798848044842,33.50864001235365,38.31751406142806,28762.63135116286,1.0
6.8422153307029445,0.008584101218485025,4.283470324989618,23.83957942113727,39.86175807849756,14296.080073752546,1.0
2.881292740062465,0.0039603845629059805,3.0954558139139743,7.872281115800247,33.79199306553733,33.17073780870766,1.0
5.809028178877235,0.0040303105303706194,4.058761032832764,13.512213065447224,38.27484478291463,3279.2008293828712,1.0
1.500861909718492,0.009207987572254411,2.4590023662796017,7.290825800827487,27.600806681700398,357.1596848408435,1.0
10.488651611637422,0.004282146873710077,4.914677902997063,19.860702450242904,38.123230647219735,11158.12448635027,1.0
8.009974032105141,0.005776176358928612,4.47595453513173,19.949535622459464,38.67580104184996,10910.17883402104,1.0
12.035728120065889,0.007326135641505747,5.239615052747543,31.707385355186453,39.2112849215094,25607.819595553105,1.0
1.9807443384569612,0.003461213372622034,2.0428031982692807,4.947237592221731,33.851575350525295,0.002919329700212236,1.0
9.67325131236234,0.008914923983974445,4.8183756658479595,31.698402188176473,40.15477218575466,24358.95984496222,1.0
5.711557768699172,0.00390101294275374,4.040158513118316,13.211656770682799,38.311404442153595,2917.046118001928,1.0
2.155043149673361,0.009615338627942581,3.406935330606588,11.039822130033619,29.53218248408763,525.3142645058437,1.0
16.930270590217205,0.007356056558784309,6.15099378960875,41.45090037847537,38.89563080877963,38784.086061531656,1.0
11.732853444441533,0.00915183320235554,5.208901220408388,37.641809485907146,40.21910021644673,32062.821890886407,1.0
14.347785611944731,0.002087712386374253,0.0,0.0,0.0,0.0,0.0
15.438386838390857,0.0037550702059147814,5.809006593828958,24.10247700150394,37.73959359673843,16140.772471835517,1.0
14.072446491926923,0.006948552661728261,5.612336734720599,34.187272074313924,38.858059200613916,29221.76424293469,1.0
18.968409197660225,0.0036155992687733323,6.448302909988277,27.42815399234545,37.51572927775897,19992.495674853846,1.0
5.00917911453841,0.004739730169229255,3.9170304664221085,13.44631925320684,38.065303197606724,2983.5439054063495,1.0
9.798186660016505,0.005299818784721498,4.800060297395135,21.573420603376263,38.40928697398818,13217.534585342193,1.0
7.363569342284398,0.007017055074914439,4.367529411355764,21.56444249907493,39.203601451189904,12336.279515527143,1.0
19.460201779875536,0.009690826168032483,6.676451125923002,60.08826762438793,40.18940698126902,61664.08288481584,1.0
8.438997552913687,0.006835372925958644,4.565448272497332,23.234509966674768,39.13989991129301,14638.271502604304,1.0
18.630185495308723,0.005263171037674945,6.421831653419092,34.172829111538206,37.65664050204275,29862.626001396762,1.0
4.750494990888372,0.006289266614696759,3.8781848813098097,15.154305618352373,38.21607391731748,4523.385401342373,1.0
13.173831419697581,0.0041093693466082715,5.402262453432738,22.64368914008537,37.88053075091222,14589.391498004265,1.0
5.402859850363375,0.003916083875426142,3.9840323801527955,12.86940692452391,38.30488704143244,2460.330174818259,1.0
16.497722676952343,0.009935082221072297,6.121698504765131,53.58130862320264,40.45280294783118,52618.27383979902,1.0
13.57836763193589,0.008876837824853198,5.551834206542067,41.10496219558583,39.984203130701054,36954.27699984759,1.0
9.156373051474947,0.003317046460800704,4.66147365761711,16.116279404511364,38.46291886245218,6364.646255087552,1.0
9.202868704891216,0.009068470239743935,4.731661444211454,30.97430081779371,40.23327398372999,23280.986198189545,1.0
8.09429710980269,0.0024087103961989084,0.0,0.0,0.0,0.0,0.0
8.501063883471918,0.006872253559087652,4.5773304264986345,23.445883163391265,39.1566448460166,14894.216545458094,1.0
18.011913876448432,0.007943906358367735,6.364885475488438,46.654438132654704,39.187076428476054,45361.41402667444,1.0
17.467437544961903,0.007639202849428773,6.256833935265464,43.93672569492772,39.03276745323729,41934.21493398653,1.0
3.778663972051918,0.008903717599530788,3.7102612293950314,16.25709073829552,37.93783780920386,4792.715746103236,1.0
3.0192405773861246,0.0025923646365338176,2.8736573657351876,6.299244024463239,33.67685313955903,0.001436795732974359,1.0
13.418650599654178,0.0013822134854877333,5.406031935630381,16.390139666161655,43.30408943417912,3483.961893235268,1.0
10.130518340899204,0.0025545795216564485,4.829590494005866,15.613827826950672,39.269961530119765,5206.586268977255,1.0
17.07451166611713,0.001818431936492672,6.069747693351372,20.115822507846364,41.03344154519389,7665.302650054988,1.0
7.735445543263838,0.005130164320587776,4.419594919874825,18.107299687035002,38.4512326539194,8795.976711268642,1.0
15.968458525316318,0.009561573027246677,6.014269985749662,50.255220965027824,40.26035095279799,48566.2022553037,1.0
1.122718731606588,0.006747362567876189,1.5628321380103525,4.386009130315221,30.052933318687607,139.59082439695226,1.0
8.616191715454928,0.006469210230062497,4.5946170145295016,22.647757070795766,38.964653572237594,14082.403083695126,1.0
18.709285710636454,0.009348449020319189,6.526790358768147,56.111747632377444,40.01322763764733,56705.07512340075,1.0
17.353562738521386,0.008494904792758443,6.2533403358138475,48.132732953046755,39.5601808380526,46829.059976513934,1.0
15.68888886093924,0.009681599144065713,5.963792329823885,50.12257261256417,40.34143945512737,48257.74216148775,1.0
5.7394531101520165,0.003690331499563432,4.04387041557827,12.956808069843051,38.410553669108324,2617.862926791077,1.0
4.104434227931309,0.002995024139418175,3.7432879369304897,9.479715236212797,36.726777757889955,0.003159525385522251,1.0
13.496064646139324,0.009388761376608112,5.544733935665541,43.065191582744525,40.2733102184095,39093.79558160838,1.0
18.983857869594093,0.008380650296665026,6.556374828129259,51.17514444783407,39.404915667368584,51085.55958241658,1.0
10.802839817922237,0.003986265731804644,4.968399960436281,19.487237061770486,38.10334075387708,10639.09570921474,1.0
16.456207982292028,0.0012296703587003728,0.0,0.0,0.0,0.0,0.0
11.84045537092921,0.006617327818900108,5.193392927247326,28.88206352413637,38.84749306542516,22287.166504924175,1.0
10.233745928218505,0.006335480425492042,4.892380881151435,25.154520735843956,38.82183064949567,17474.108572585777,1.0
6.236758385492258,0.0036809149770588787,4.134252073758821,13.508687985242076,38.40281843893186,3323.726407844742,1.0
5.555167172062344,0.0035790725288922676,4.009655196728881,12.612274669765236,38.50583937463005,2168.971625575477,1.0
5.320750943130718,0.006051321647838507,3.98212729108382,15.860300494652062,38.430653385406565,5520.5656033370005,1.0
1.8780366814056229,0.009666940736879799,3.1586044807645566,9.440436391052184,27.19104329950961,488.81543055226877,1.0
11.090343834517398,0.002469822105795012,5.001889998306036,16.33937833496176,39.36836060674543,5830.022916667251,1.0
14.197922084818773,0.002418183324178989,5.562015377790915,19.039790076116578,39.28684710418954,8405.76708748391,1.0
9.215701679883281,0.006765358243496797,4.708769847618205,24.522566056034606,39.085334006119034,16383.259111341426,1.0
18.095909000889016,0.0015492262072264252,6.248010385446876,20.353385047280998,42.30230316438767,6808.304173242846,1.0
18.133368773472114,0.002109453688140157,6.265951697073602,21.691713734996018,39.918994885856065,10032.186743742961,1.0
4.455109551723476,0.008797822069990541,3.8368409127219167,18.039307801803616,38.850942101346554,6898.4732337018895,1.0
6.454581056183826,0.006519274846547276,4.1949413824097785,18.771709165052904,38.89565077194402,8999.169793958614,1.0
3.9125028598380136,0.0021661620028989416,3.506008633940235,7.430310537238299,34.479075350542544,0.0006151196210715776,1.0
12.430329913520408,0.004511018392705183,5.2723701529748945,22.954835045256008,37.97198449622499,15096.266731751597,1.0
7.480756054205013,0.0020074362279100238,4.346493422102995,12.475007596786547,40.96717510840358,1442.8996603050325,1.0
10.678918496188961,0.006674524913948261,4.978939740725182,26.965439170474973,38.95963601462375,19688.02439407352,1.0
9.926856802878952,0.0018220683057680173,4.784743595779213,14.241074812371892,41.28023934081291,2859.6783545822827,1.0
11.926331999513975,0.003122835840034031,5.16149567194783,18.567918576023192,38.397976809253116,9009.590828480154,1.0
2.594994149644606,0.008565206535017085,3.486712783814953,12.218810230768566,33.454702602437635,921.7782265038912,1.0
10.36185458692289,0.0061818411201709,4.914211946527345,24.926135212069624,38.74000209207652,17253.54134287908,1.0
16.944853834012918,0.0015119498219270228,6.040714121705076,19.37385836840641,42.523386147637055,5966.84155586805,1.0
19.195605381828145,0.003938191523777706,6.4966107143660885,28.98185239412598,37.39968382742749,22346.848763912018,1.0
11.38109112996434,0.003788355853300715,5.071212228198216,19.650876600912145,38.08668299754306,10765.05708469448,1.0
2.2539026372577102,0.003194076828738361,2.314763953799821,5.3227888916363,33.0151947360769,0.0012307165010838031,1.0
6.142003791842381,0.007917806864841753,4.147223776952758,20.80650060132787,39.431402155664316,10808.492017301354,1.0
9.512502873245202,0.0039946604721453685,4.7333764963330935,17.97075796054162,38.207470884153935,8781.0033836842,1.0
15.77687332290128,0.007516104044955667,5.939320081593732,39.93286418413487,39.06577655583558,36588.39222070731,1.0
1.8388787750590738,0.0016785828202597654,1.5297290111997628,3.1168774925111244,35.98535923076495,0.0010861819991929908,1.0
17.437835489459772,0.0038459739672432693,6.174599080249748,26.646550344868754,37.55237879173644,19348.572860357865,1.0
18.268405445001914,0.0015812138426957517,6.27961471221294,20.556773568836327,42.12780345848429,7087.0709460795,1.0
17.945179401503946,0.006064023656194936,6.312664670055726,36.95812832913847,38.08502173595162,33469.97263509898,1.0
7.867080137241217,0.0040420201549381165,4.433968880751722,16.07415370921896,38.298219030939734,6458.348425130895,1.0
15.952047560819494,0.002836470575083159,5.8859886094402905,21.748120736077848,38.422108214612855,12070.56934251558,1.0
6.882438506501207,0.00709867211538696,4.278838285371498,20.77141050057752,39.20065342199703,11254.842641593379,1.0
19.01027074451212,0.006877641536254425,6.527382434094581,42.910625590488934,38.47560557197596,41134.60163927067,1.0
6.171660251174379,0.007061441848189938,4.146496261984115,19.24489871755882,39.07188033505559,9305.75887399176,1.0
18.805517038783034,0.006259319855141584,6.475763869346808,39.32780460248989,38.13067918727568,36604.916180066626,1.0
19.856647632623297,0.0029858564793744415,6.595714922468228,25.95107750078547,37.966028935856386,16994.499839926415,1.0
11.628905138919258,0.005438148380456132,5.138244838648548,24.703383111520516,38.312726834289414,17273.802121024786,1.0
16.980672777082567,0.0026089688514372364,6.067770608518153,22.04826166830985,38.728225883827434,11868.541401219676,1.0
14.423554806365765,0.00637600524566897,5.667825698406841,32.50816532105625,38.51857629350655,27305.058230020048,1.0
2.686906313768099,0.00834948639576897,3.5032558307578316,12.379184963641812,34.0173039555306,1021.1708643526192,1.0
5.2762706415773275,0.006791517008590541,3.9784850537013354,16.94741936972068,38.67667997620431,6528.893833940055,1.0
1.1569284336907266,0.002631938512873501,1.1070627521021361,2.4343033537086614,33.61813915171106,0.00020120814282562985,1.0
6.601405758650278,0.00764229691159647,4.230867783174272,21.29761665882567,39.40464829872743,11606.968277781783,1.0
12.095285854455883,0.0022718870771343785,5.180628158371938,16.8552520787486,39.75203797735238,6009.308721713807,1.0
1.7881453962613985,0.0053626122700208495,2.2185406941269097,5.9622805172969215,31.683911626766186,117.59636317865748,1.0
10.66084646447092,0.0053390856513130846,4.959025509354961,22.96397651039572,38.356671031834026,15020.304085216336,1.0
7.24233503928467,0.006357739275587987,4.339410195896412,19.90250816493934,38.90408663102548,10551.369460067483,1.0
6.376029842813104,0.005390257272267611,4.172028798832572,16.53231346495059,38.46689194222997,6678.189687589147,1.0
18.3252217078336,0.00988211195031188,6.466310321094042,58.219596452221154,40.3487771228604,58911.91200777788,1.0
7.369066680602978,0.00579239037309678,4.357996620638943,18.92734649861709,38.6775184701028,9575.983199460628,1.0
16.425742782448776,0.002294644843295845,5.961770306760883,20.703667863997058,39.46090382683936,9702.169343149713,1.0
15.739459842997986,0.008524067986412472,5.951289591093789,44.59765791004135,39.66519719705574,42006.1707667486,1.0
10.434190872212996,0.00972228410612291,4.971643795416703,36.25119629152482,40.549963929433666,29716.403334478025,1.0
6.639402768354025,0.00373456237171089,4.207881877931118,14.057178521493396,38.37952970663018,3999.629966901269,1.0
13.013681481753249,0.004957257637008662,5.38566084768052,25.145934774295,38.02007383108207,17942.692141444477,1.0
18.73373353558312,0.0017238579847489374,6.366096564142972,21.242736628953974,41.407440586828926,8191.427767183894,1.0
2.1095769735223135,0.0028765721590036358,2.084828672189281,4.672563603820546,33.29849683079215,0.0010771059417118108,1.0
11.88290843777684,0.004040477468607298,5.16593165829096,20.91036027862401,38.00235100209346,12409.892345084285,1.0
15.401095494069025,0.008678577346026395,5.89070540266135,44.54950753442328,39.77449943227633,41789.40032356339,1.0
5.77720739850996,0.0019812282996462434,4.03969679230086,10.892521878451712,41.69184078552684,0.01172174691302745,1.0
9.737156421826832,0.0022122865415632655,4.754842896548248,14.667156747825551,40.03967759992367,3839.169994160971,1.0
13.705148410526924,0.007300648878002527,5.549848485595191,34.901767722493105,39.08217672267194,29935.463236746982,1.0
5.878072167760568,0.0036965936464980354,4.069123534878588,13.121699823384283,38.40160273738206,2831.626592378291,1.0
1.6678689463464007,0.008781445531614182,2.6641940366649792,7.836485769856749,27.994325958135136,362.8040325270743,1.0
13.892877807303453,0.007271197291091683,5.584291722747232,35.150071073874535,39.05238206451609,30293.366321191366,1.0
15.097768988968143,0.003539085023878261,5.743348298472196,23.027356460278234,37.85214045598179,14620.902626235857,1.0
12.16447848950978,0.008124330253223854,5.27512077459224,34.86738399686218,39.641106064899,29233.824941002706,1.0
4.891686627981213,0.005558752832040525,3.9001323898316222,14.382533546431036,38.104495962085316,3870.3881386583857,1.0
18.67194638415005,0.008100852594707287,6.491687674895913,48.915180487819185,39.24743078657501,48291.409083329425,1.0
9.376960275303285,0.004453758366779279,4.713575339865566,18.868510266547712,38.226271372515285,9915.175129228941,1.0
4.384524625131645,0.001276485208955995,0.0,0.0,0.0,0.0,0.0
3.8011709696224187,0.006094610135255215,3.7018281927835046,13.120039214895533,37.293266462716275,2041.4078272249405,1.0
8.865787776985673,0.005335369064005775,4.629129449732205,20.264675878308378,38.48061731325475,11504.675232936817,1.0
19.952856775960896,0.004730258669195745,6.652553612701592,33.431709061695756,37.38631051651238,28731.5996649568,1.0
3.157005827114772,0.005226874855166165,3.5797194304328257,10.729966362632341,35.43199857197341,103.83385889878724,1.0
7.98001578203674,0.006009482713207024,4.472597396187434,20.430392705338374,38.771662746467136,11422.877674686155,1.0
18.33594667853685,0.001524939574989648,6.290604463823442,20.490916092768835,42.43254499323944,6804.034440074445,1.0
2.28009897113578,0.0018480741752426612,1.9475955410443353,4.023503511923206,35.365414042648446,0.0009867487376068447,1.0
19.689168109609646,0.006628090570672078,6.647581176053033,42.77095254002644,38.28432304612072,41104.23337844575,1.0
7.008642734380413,0.007192196351233927,4.303062329065618,21.226444796685264,39.255562355666314,11789.621305723022,1.0
12.539399418080505,0.004418608471945672,5.290986730174874,22.811961196228893,37.94996129484451,14899.02180134449,1.0
13.00009044502341,0.004684587074751973,5.379106310617789,24.236940449173634,37.951121172043614,16759.6624798536,1.0
6.5212590177338985,0.007889954802643612,4.217845775928381,21.62176972315245,39.50039831218605,11873.127260931566,1.0
10.322562942279447,0.007858427186828987,4.927351970885965,29.94015658602221,39.59313949934131,22843.211884166758,1.0
7.128390795059393,0.006490290820734762,4.3194423715911965,19.973891925062347,38.95431674551587,10571.064958529389,1.0
5.258292852380285,0.007900546118717397,3.982053114439688,18.710899510559116,39.10222983727166,8163.2879881842055,1.0
15.03060114049993,0.006112911563770003,5.775491884516252,32.45484093230775,38.332859864628716,27363.826513488322,1.0
11.617948337584426,0.004713047118389995,5.126543164742452,22.498742212005528,38.083806441107185,14523.833302254901,1.0
19.333351111357967,0.003420769554752868,6.510398886536363,27.05357418000337,37.59644584965985,19212.102262817672,1.0
13.811769413328014,0.004809248515339918,5.52962087827543,25.725959391622617,37.90644860311007,18696.1014342069,1.0
18.852449752380757,0.007982451593823478,6.52277661738203,48.64064850985717,39.16405987003731,48033.29124682415,1.0
3.6279671589079494,0.006503259834180726,3.6715801639449364,13.199560273571144,37.04939808881051,2023.215705079181,1.0
19.596231584177286,0.00705479222726772,6.64019697875169,44.94934531136085,38.54676640647703,43794.599434341304,1.0
12.840787425734813,0.0038685857163123175,5.33802442372582,21.536855800670107,37.93895139320546,13100.042983442605,1.0
7.212276128749348,0.004637593572798054,4.319508582223763,16.370362226846268,38.336308680752865,6737.32208239429,1.0
2.179745522445982,0.00500739205362036,2.6156041453487062,6.939139305979636,32.1543195347565,112.27105949555525,1.0
12.238455617318513,0.004704263828760709,5.23999745854797,23.295538334559225,38.02531082070295,15548.388770782112,1.0
19.161518645690276,0.008967005474246552,6.603183775218531,54.98854714545907,39.75973820642136,55626.06813669061,1.0
14.56480496976072,0.0037532921140382173,5.650029525904819,23.128306188760735,37.81456327122935,14955.650178018695,1.0
12.645658314091346,0.00770810038168423,5.358840492146172,34.345499619852866,39.38174731199239,28869.381239580405,1.0
11.86204268066848,0.004634950024757562,5.170162185783431,22.59124595992382,38.045424171545754,14641.952006687292,1.0
3.9613703635276445,0.008767962420756694,3.743955076123044,16.619115216119518,38.20773519916173,5248.123736331174,1.0
10.530995325395672,0.0038399096828227704,4.9171201958575095,18.804758776115513,38.14866856661114,9760.715561329862,1.0
18.497964432256314,0.0016708902998359082,0.0,0.0,0.0,0.0,0.0
8.675265570604637,0.002535704298002536,4.566586685416137,14.225786748812325,39.404156767339686,3756.7765021305304,1.0
6.2051472605690705,0.009961091591418596,4.174335226095656,25.002909469256686,40.30720607415953,14906.32371854057,1.0
10.608536104161514,0.0023903490231064447,4.9139821193815685,15.751000153073136,39.56300403993997,5134.079659112705,1.0
19.085556228675,0.002819196483849219,6.4525234619049705,24.642856929033865,38.24309495358048,15135.35497951384,1.0
3.675825830045069,0.004614217787160526,3.6724056241808904,11.923920897303827,39.201919813320515,0.002299164110173935,1.0
12.931661568800886,0.008004821655522354,5.416760893670646,36.09101635156606,39.529789975927834,30980.20589090354,1.0
14.310836303755213,0.0036555987362214435,5.602240365354071,22.54188497309758,37.86888034205915,14160.052484692469,1.0
16.618318025370165,0.005704954289709015,6.060795069178872,33.23033634412412,38.00462791512076,28553.54836371718,1.0
4.914155308717009,0.0024506030503495682,3.8869365308299817,10.255747071477288,39.59214014345227,0.0057520738065950094,1.0
2.198394025562883,0.0027133165062892895,2.1266917917933643,4.706239632644397,33.503993909895776,0.00040735853773630196,1.0
16.02858951484821,0.009558954111343169,6.025569431447119,50.398346957492436,40.25617888107051,48761.50093605423,1.0
5.5811584563228545,0.002528381347495074,4.007804660421642,11.750925318282253,41.054114457534396,390.6037658169639,1.0
4.867454565046694,0.005984013622143061,3.8980746156617965,14.939551758908731,38.19733304167759,4390.444929313585,1.0
10.974768737485643,0.009215844677670938,5.067030746769582,35.950150620686536,40.279187322058156,29752.946227443197,1.0
3.935243262402672,0.004911675985007965,3.7212006024261823,12.300610176867055,38.02946677822393,1010.0030405956121,1.0
4.558792842852769,0.0016239233495422634,3.7597430087268338,7.626143716385499,36.2129897924901,0.0016840133788302656,1.0
2.953686947525655,0.0010099029014560602,2.207341862317502,4.234325471894809,40.20444147289546,0.0008902276637065801,1.0
8.829483749834884,0.006452428093864667,4.633918024982969,22.989854939228326,38.95047664497449,14542.791609992011,1.0
10.888144503217312,0.004967073753865286,4.99613130421664,22.235047267253734,38.21377550512995,14159.498515656238,1.0
16.808019995590588,0.002024151883002899,6.025658876598978,20.366518720106402,40.25833314507969,8576.268626815921,1.0
1.744049421756286,0.001954620175762773,0.0,0.0,0.0,0.0,0.0
9.748166731369583,0.009772048384803115,4.842604932837009,34.54022754376627,40.579319521379645,27416.586181131675,1.0
10.383439010475398,0.007752624073143982,4.937410378789668,29.7389527335952,39.53505782970752,22653.822190653584,1.0
9.770404181741183,0.007559550163614482,4.8207847726072135,27.861306205379996,39.461366158064706,20290.8473446623,1.0
18.025848202578434,0.009964541009195606,6.411500300032186,57.88750409872418,40.4090953286728,58365.97718604548,1.0
19.783534499644762,0.006218910292207726,6.655594808710604,40.72498371068272,38.0429638428357,38523.786858506886,1.0
14.327388349234417,0.0037047924018068345,5.606046532421242,22.712742461265428,37.850196859413124,14410.152422565057,1.0
12.019994110035686,0.0038955709783515813,5.1889434757134385,20.66998879484282,38.007915192461134,12054.494568548123,1.0
8.236413652305949,0.008365087838889139,4.542829480073917,26.683702413307508,39.87647690780163,18155.112729511828,1.0
15.815166904848871,0.0041448953262241545,5.884551269444603,25.890430043818764,37.64542895479152,18673.96937544343,1.0
3.4744005302429897,0.0013607255651932894,2.747092234304105,5.448860203784089,37.547028050829034,0.0004335801472626593,1.0
4.645416415933502,0.0030020467847287602,3.841293260370129,11.161725437965508,40.29068107837476,0.009125403735944998,1.0
1.866207970561656,0.009983514505785017,3.19395142115771,9.595996493549308,26.916488833276,514.7978118615001,1.0
15.285304310061527,0.002339258747038368,5.756892314798624,19.81615171625296,39.40890150097684,8974.745959388401,1.0
10.148413570445882,0.0021755596330411886,4.828546707075519,14.968466213347364,40.11155660193384,4072.851029643851,1.0
12.863226722451586,0.009120300654864421,5.421221205617108,40.35268138447487,40.153922462284,35716.36288690912,1.0
18.073842421503286,0.006317062736757114,6.341749415324312,38.40263842918406,38.213221827977144,35319.91543470519,1.0
5.56860529526192,0.005276183590777009,4.022876818126141,15.06393035085501,38.28667191106133,4856.092010310937,1.0
14.962999583728484,0.0043436228370226804,5.7325069548277385,25.574429368067293,37.72342471032207,18385.304715498012,1.0
1.9900195515291732,0.0016431960419837277,1.6462345012548258,3.3444948239756243,36.13102314995985,0.0009990180163782078,1.0
11.320292119355237,0.008515188715617473,5.122535309992438,34.355689258922794,39.896334633128575,28222.201515090663,1.0
1.080634392050649,0.007484195563570875,1.5868315700483453,4.538661693928622,29.270023371065466,169.88455308696055,1.0
17.996410059291225,0.009167876684721646,6.388467835999716,53.30386920202913,39.93591588244371,53114.780761056885,1.0
3.968091745267653,0.007732127705332318,3.7402958484395517,15.35129403944831,37.873585874823554,4167.089126452769,1.0
19.447046531127793,0.005511215256468797,6.577434296379731,36.54855903472263,37.70367974226902,33045.13275714791,1.0
4.438618071878226,0.004752948476606457,3.8126450134977636,12.68273660188173,37.923998549681464,1913.8063457234864,1.0
18.443790164202237,0.004316852381088013,6.367598100915903,29.697086790201734,37.43470626455681,23625.358741033284,1.0
13.192381697091175,0.005305578409974099,5.423707789907929,26.574734868270763,38.12297078166366,19773.93658501114,1.0
18.94586049046805,0.0028307775965717074,6.427498187734922,24.550767880932288,38.234293557384,15066.935751107068,1.0
15.654685591286226,0.0074941234974676176,5.916147735525357,39.58746854160625,39.06084484701451,36136.99272006219,1.0
10.48023338970019,0.009949337155220346,4.983252209174192,37.1403726670778,40.66278861629765,30695.624428096682,1.0
19.881249452102587,0.0029262919868449527,6.598843862935126,25.761486644204293,38.04145817565045,16631.222228736435,1.0
12.256629990292485,0.0049290895225122975,5.2464822498950925,24.016005797428157,38.08078663586787,16474.004110206606,1.0
17.545604283021593,0.003504410406975398,6.187447475150726,25.503809359582274,37.67583932148666,17518.082564771186,1.0
12.790476738890867,0.008450950253143977,5.397205654529551,37.519849409472286,39.78730573333162,32521.02195468198,1.0
12.362650011875235,0.009748446958430669,5.336440055479379,41.557936451946475,40.51302911203455,36735.392022968685,1.0
6.535796420403378,0.0024468443719802505,4.17959293424338,12.19345715322139,39.976360711183574,1432.521275425067,1.0
6.254508734642433,0.0073504234835448275,4.164022241633916,19.967423954604598,39.2129773402712,10067.36684695936,1.0
19.037706156740935,0.0028167627265051048,6.443815724908018,24.59000333881785,38.24972100825685,15072.24543341823,1.0
15.458625043961636,0.004211238635219631,5.820687152730988,25.70500855455002,37.67499144528528,18482.362384607997,1.0
9.178200160796216,0.004918257867632852,4.682131628399584,19.71154437074557,38.33233002495608,10916.647309223303,1.0
19.805065997483563,0.00832889294039271,6.708988315468445,52.6972671637734,39.33112208300976,53215.008635113474,1.0
19.387730973663764,0.001243388653114586,6.4733651416842415,20.72623387211662,44.21838339709395,5687.475259250696,1.0
15.522976724102554,0.006719958436945644,5.877433331014178,35.8710608031476,38.62273358549038,31653.698793476906,1.0
4.176471003100136,0.006151370825059142,3.7713978734411904,13.881083194122454,37.713100838482326,2994.605873386569,1.0
10.260936085360537,0.007882592697474487,4.9161409147743305,29.882374290889413,39.6084050657537,22747.921628404227,1.0
11.02593381228141,0.008428308336993328,5.0661933659730005,33.372534207385385,39.86301074426777,26979.728962605397,1.0
16.586096554373214,0.004326880475394318,6.028596666527621,27.49222490911521,37.583455249610545,20818.14114080751,1.0
11.565096421995673,0.0029132621212595022,5.093310199325399,17.719330969744497,38.64306788017082,7844.122251570182,1.0
16.2082024493418,0.009417322472864646,6.056680360612039,50.14376200127472,40.1660221583606,48572.82947467907,1.0
12.805706071955303,0.007679060071234681,5.388252679773353,34.567989752139226,39.35531512312148,29192.32101154102,1.0
3.882873668834258,0.003628164289065077,3.7059299513545683,10.29834651852539,37.47906657327245,0.0014308380168473692,1.0
2.390731139750847,0.008964874999341923,3.449553176265863,11.735274212665225,31.94038743469816,644.393391172423,1.0
4.956696674709949,0.009436599570383172,3.9348920449746445,20.419817822787838,39.516519973703176,9475.732056298959,1.0
4.906841300465873,0.009762079109759188,3.927434630953854,20.793715653568434,39.601567823639506,9768.353678605019,1.0
3.1683149978039333,0.002327990291801338,2.9064570449572873,6.239488453358738,34.13277546259316,0.001426866659480418,1.0
12.508820765600028,0.007952547650516596,5.336957191259615,34.97746580458954,39.5261047993231,29523.470593598548,1.0
6.916112241029664,0.004121460899452571,4.261255530223671,15.038342154733911,38.304968641383205,5174.6551643625935,1.0
5.837852885349031,0.009127686711628554,4.098900360037162,22.3418344262865,39.847641240723306,12041.183924331004,1.0
14.121635614471517,0.008260902356870492,5.643475145190905,39.750436479656656,39.604112116407094,35696.594435394945,1.0
19.653866506748543,0.0021410876537215273,6.540493463509664,23.05994381568941,39.75345212085087,11377.507679302507,1.0
8.070233532037413,0.008218330824767358,4.510282071358189,25.92307443830531,39.800676155953624,17259.540114642852,1.0
19.24562439810152,0.00830949059869025,6.6037715334908125,51.34743321500139,39.34718401425249,51394.90170067321,1.0
19.117346511002182,0.004349128134978781,6.491283720260323,30.648334691579937,37.38595570055111,24868.38279662412,1.0
3.2941477662269567,0.006245123577338728,3.6087921472562283,12.503856642849174,36.91208055760205,830.6316983574613,1.0
17.32532194399736,0.005494695085810016,6.186795777901036,33.357077666385216,37.85313760403396,28763.847737727378,1.0
2.7745133989381854,0.0019096194253459234,2.392423617918093,4.967097526597331,35.168552799585754,0.0011413628379269378,1.0
3.7708508682704593,0.009651082246908572,3.7122120852642637,17.132925540256775,38.1723252506966,5522.204453540334,1.0
14.271428857225807,0.0023588430210716967,5.574338040260512,18.967016310124016,39.418484755082126,8204.48688925367,1.0
5.516832780011003,0.005377884959444963,4.014014122109197,15.14064732918478,38.297369388314245,4911.091883513815,1.0
5.373445431535369,0.004272531589864778,3.980850540496792,13.30634815246903,38.185658849119704,2952.1489059204323,1.0
4.138659205836737,0.008227816003693562,3.7745651402514304,16.41290344188892,38.27921266074102,5215.120012041324,1.0
9.27270704241765,0.004367564065236325,4.693612369042774,18.5319827529862,38.224654513999305,9496.696959302015,1.0
19.271401917305266,0.0014569932499349809,6.457043200110079,21.076675221527683,42.81370114121688,6909.696668928528,1.0
1.0533770163995628,0.009454558513779594,1.750536325020553,5.213003580995409,27.37892308206531,263.25638048098847,1.0
5.3377845521540745,0.007032872479881081,3.9914091568906134,17.464464300731038,38.79670216595837,7056.117224855625,1.0
11.438434780233647,0.00992220620452543,5.164199986174248,39.70051725880176,40.63140526898899,34106.569711842945,1.0
3.5823882012375527,0.0010817893059616424,2.7079606860713668,5.233290310620375,39.55024442712498,0.0010499383164598846,1.0
13.843097297792214,0.009011113746407194,5.603831496675976,42.32039557429221,40.04646483413129,38460.390840679036,1.0
6.758534647880985,0.003479043899502313,4.2276055751874555,13.790376748103395,38.49187926671281,3671.350787173586,1.0
13.753885358306531,0.003853776132251095,5.504048765721124,22.532582605828114,37.86028653844585,14307.96713218275,1.0
4.608325379053812,0.001632721104715027,3.80589128974304,7.7253814220870645,36.17538958011024,0.0017076223654254336,1.0
14.776567358718413,0.005020048164681363,5.709897852913041,27.78764050679674,37.88159304443995,21398.011610560574,1.0
7.342393309727422,0.006202108546112322,4.356580974148404,19.75013108614574,38.84264833128413,10436.972097850734,1.0
12.178283084880835,0.007693858945027629,5.2714530901974745,33.318639847247134,39.40332242931431,27497.82632912871,1.0
4.692459567329675,0.007988847684608724,3.8768707113875673,17.485094664171196,38.77036419999536,6602.98451111292,1.0
14.723790593626536,0.0018803617969840297,0.0,0.0,0.0,0.0,0.0
8.523212890880469,0.007818771428693704,4.590988173398342,25.919688622295787,39.616067613752854,17534.187797063238,1.0
10.501622903712212,0.0011017455388814153,4.87976518506696,13.808575151434196,45.271276289387,1094.4214319409043,1.0
3.459402742432526,0.005567347511535422,3.636608340388104,13.199270148273879,40.00881762264667,0.008494294421894201,1.0
7.795098960862315,0.0016054024106432361,0.0,0.0,0.0,0.0,0.0
6.987645995432118,0.0017997256186429295,4.256132247978438,11.954533453420702,42.20920769870445,573.4553082352519,1.0
11.046450755099618,0.008453757426568547,5.070375547756766,33.506630255043,39.87564645002748,27138.042232268042,1.0
11.155820250023405,0.008635016406232657,5.093304423322856,34.385288890464146,39.96732906737548,28161.509020409845,1.0
2.418247266991279,0.0015598580144651716,1.974169087982201,3.9830436440612,36.499331665741664,0.0009649598829732797,1.0
12.212627180043123,0.009583006746850368,5.305623082085558,40.51067403720785,40.4305273686213,35495.71843640257,1.0
5.122632476096257,0.00574829428154403,3.943754026818602,15.048180536134899,38.25714145515442,4632.31129384075,1.0
7.039674942080049,0.006861094365225288,4.306084475124414,20.586806523563894,39.11025328834719,11155.642109085195,1.0
17.892272401580563,0.00531913452591398,6.287452689638405,33.385252230778086,37.7348089696053,28813.347051553614,1.0
16.689033348047975,0.00904444575825119,6.139813521121153,49.433472101720604,39.92412707529862,48016.11209677493,1.0
14.592044799843627,0.002301449481786206,5.631241511170868,19.11703062515694,39.540914706909945,8215.512460346343,1.0
19.911705543352536,0.002797520177579072,6.601489134820075,25.339371167996166,38.226880379973075,15821.468422916874,1.0
1.29196952317389,0.004531371099697418,1.4779233822368574,3.849063827836402,32.84060528813591,42.55595257832064,1.0
15.996003847054276,0.008317389285083783,5.995426696356723,44.1825776186994,39.528268146857535,41643.80312459739,1.0
3.7278078352522708,0.006776638194746859,3.691257209307202,13.688652596147707,37.23987624667255,2543.760513728509,1.0
4.773580156914392,0.005601858746726513,3.878637424589326,14.243138580025938,38.05257300714922,3674.9054044305212,1.0
5.887091944806071,0.0059882076683496965,4.0862326074380855,16.767830496526663,38.581838434160936,6703.802663207702,1.0
18.57480235930765,0.007309386462553839,6.4560414794881815,44.402431482530154,38.76424357821363,42848.34487186274,1.0
14.576260273658415,0.00671057916592282,5.701783702555645,34.13614536550285,38.688181866461846,29309.142927914705,1.0
19.8995697212167,0.00819454124069077,6.7234848221305725,52.10689958969986,39.24177868663497,52550.799879310965,1.0
18.16596672695156,0.0064238448548004316,6.361050116044127,39.087193657487504,38.2666394475118,36196.66420695208,1.0
14.605503854299794,0.006698611134744075,5.7069989536910475,34.13913721472252,38.67935746740916,29320.713355397525,1.0
7.656055990902588,0.004222674107969641,4.397076208243218,16.16029508577575,38.29762581770487,6552.13878490679,1.0
16.537957992587508,0.007179222890089968,6.074520384093485,39.8410320380205,38.816362977471556,36729.73811150556,1.0
8.53839533901387,0.00864343713620521,4.60225114993386,28.136129307426838,40.018307047391986,19863.56944438922,1.0
7.452242075638135,0.0024985439629213796,4.345423650826455,13.046213355444342,39.601829553387155,2471.7765866448844,1.0
13.105666980004898,0.008374295238631063,5.455073570497716,37.93583325984923,39.72705356223622,33148.21502661409,1.0
8.55940828849713,0.005067272971455841,4.570187881921998,19.178350822562106,38.408722213075144,10191.432123072376,1.0
11.372677997758403,0.005639796031035671,5.093784024128672,24.937068901603986,38.41729918716108,17513.924438167774,1.0
8.374862123564876,0.006125610036594084,4.546593089459567,21.378482425534855,38.815705716168125,12602.880176284341,1.0
14.861187490317057,0.001160107271413418,5.661066317362808,17.15334219745793,44.78938392234561,3247.9989792463875,1.0
3.998700040539705,0.002802926823955193,3.72328026862067,8.77536307043523,35.23098398635374,0.0023909226199654112,1.0
11.790882830628085,0.0075428291294521435,5.197081489198343,31.978461943215958,39.34493839275539,25811.55823369698,1.0
3.055279162275035,0.008042016944683504,3.5711278714931245,13.24844343237925,35.718901216868986,1825.110162537722,1.0
2.934385904556029,0.009357170737129352,3.5531768349039727,14.025040700009924,35.54549874456854,2443.6599756924115,1.0
8.046048907091855,0.009277551383095658,4.516026396089789,28.554282113234564,40.29923777675583,19946.09623841556,1.0
12.287468663335252,0.0036401875171484972,5.2341032527679685,20.274696635952694,38.05136317941893,11431.066752524217,1.0
17.74818292997799,0.0023721802647792894,6.2017521462706,22.065362714356986,39.19530448129021,11231.142849842616,1.0
1.060805325074762,0.007046105824543241,1.5098407814292103,4.271317095035444,29.72985019595243,145.8934285689179,1.0
17.164770043225364,0.007460255207378847,6.1967563874526155,42.426837801822366,38.94322135009687,40028.761160727,1.0
2.5202472771320976,0.002706336130389967,2.43578357888371,5.387304771277376,33.513472807442064,0.0012301176261037207,1.0
10.206633375216194,0.00444229827870957,4.865058991454767,19.912481007295003,38.160667415259155,11231.363967371944,1.0
11.128164823852924,0.004476490529435887,5.033884674458506,21.1867962619892,38.08559813972736,12844.332315384287,1.0
8.983215274348204,0.008404446195955378,4.683143034420285,28.544052936025892,39.90521646991514,20578.591925677938,1.0
19.3495718585655,0.0014655066911718544,6.4712469658446645,21.15548776443586,42.76218077133812,7002.157142512682,1.0
10.724997886522983,0.006395985932923822,4.983979595987912,26.193006129425477,38.817586437574434,18821.863363725373,1.0
18.52727064869457,0.007605921542110015,6.453709432941614,45.90152243628888,38.949180713839304,44644.129216067246,1.0
9.259443954298419,0.0056467964155185275,4.704798941600225,21.64922029000089,38.57656922888058,13186.177862543986,1.0
6.479383514642281,0.004597863150972794,4.18512924016476,15.289076831164524,38.301528169990156,5385.550754417574,1.0
16.504467828414626,0.006078293608416091,6.046984804870499,34.70282274863629,38.199501668115765,30412.49248927164,1.0
14.393247484105412,0.006820434129794643,5.669718913727857,34.25688207566144,38.762855290763895,29401.84888192833,1.0
5.75447565669266,0.0025469018951091178,4.039219731694123,11.765420345206826,40.441203510369576,697.622270297308,1.0
12.960929453046258,0.008078424398026716,5.423369851587884,36.442253764173294,39.569321919698034,31391.68797753287,1.0
5.95575240493704,0.005160389054359627,4.093196019679337,15.479286587553009,38.34217486443017,5431.399820758509,1.0
13.944495929021592,0.0023454314268000548,5.51515670248635,18.646608255761127,39.46890465078094,7866.258304880016,1.0
9.981625800649727,0.009059146110741278,4.878083972572779,32.915812535905005,40.22292392996713,25855.54066454268,1.0
17.85564504345707,0.005768822930032513,6.290010804796589,35.41199157274443,37.94083672216173,31473.856979784574,1.0
2.362700016783414,0.0048223346633715514,2.784160116856847,7.334559371495184,32.4123314286999,104.46289730487575,1.0
7.6843845701257765,0.008895748012032793,4.444330983772202,26.663606664368736,40.09765050486084,17752.4675704433,1.0
19.36752383852995,0.0038869689184430067,6.526802623454601,28.961087400676128,37.39744083986673,22256.274751518093,1.0
10.870537546253274,0.0015717592874698585,4.951407703158948,14.658283033790708,42.32943727479068,2722.4447786203264,1.0
12.472376951104192,0.0017810023088278564,5.241835695995069,16.27672855255011,41.33081346456978,4463.262284789106,1.0
4.671058095997873,0.00488279529943065,3.855896519339045,13.149568721782707,37.953091826767874,2532.591190529198,1.0
2.8741803267850714,0.0038761782586279434,3.0576279435967106,7.747936007804736,33.94899659647152,24.232201376423653,1.0
8.652876568615438,0.009570890496309516,4.633449702003917,30.96044104361573,40.46495360841751,22873.73127985531,1.0
4.28555911819118,0.004470550706311168,3.783238641145378,12.24978211865487,38.18654456835549,1241.4711668730658,1.0
1.8098573013497514,0.009447581803087496,3.006484261903202,8.952062286997728,27.385148318389458,451.69915652476794,1.0
13.735559983740176,0.007508845001470844,5.558893681654508,35.80027006055526,39.19794270887763,30990.818376103067,1.0
11.828282185726977,0.00691362572239599,5.195255218630824,29.868789571286293,39.00380279625518,23423.439342884136,1.0
17.36887445660864,0.004072917883689596,6.166514054104092,27.43780202407696,37.521607873768495,20560.47085135384,1.0
