{"input_scaler": {"expected_columns": ["C_Li", "area", "flux", "rej"], "offset": {"C_Li": 10.233796332192082, "area": 4001.5321693025394, "flux": 1.0291644876045225e-08, "rej": -0.0009967258077258}, "factor": {"C_Li": 89.70970276806092, "area": 1995.5180054626785, "flux": 8.955640997340641e-08, "rej": 0.0008944875313982001}}, "output_scaler": {"expected_columns": ["Li_recovered"], "offset": {"Li_recovered": 4.623136542953931}, "factor": {"Li_recovered": 53.42285558404033}}, "input_labels": ["C_Li", "area", "flux", "rej"], "output_labels": ["Li_recovered"], "input_bounds": {"C_Li": [10, 100], "area": [4000, 6000], "flux": [1e-08, 1e-07], "rej": [-0.0001, -0.001]}}